0,1,2,3,4,5,6,7,8,9,10,11,12,13,14,15,16,17,18,19,20,21,22,23
0.003632065485529089,0.22260037414159628,0.014414722159553788,3.660296566236513,0.008650864068698456,0.23096989955683395,0.006661967295048471,0.061675366611693046,0.004803556310008596,0.003153854268390103,0.0075406953903893285,0.09869057217935548,0.005035808655578402,0.0005935710628917905,0.10003182417499523,2.3415588808332304,0.19228762340214056,0.07620895946108741,0.014113088587244036,0.028425079460740674,0.10529992974108104,0.011413347448629853,0.06839189541946566,3.5954600398213046
0.006093438976301241,0.0683573307436469,0.23507102919594855,0.1295205594110237,0.21602195665009474,0.15753677213387812,0.003058634263633911,2.4336445229223274,0.006182899255625301,0.0011880917738309078,0.02280457201188224,3.7854334843054693,0.06328815337417988,0.004124893891622578,0.03787343056927586,0.2563956356132272,0.4007386492563976,0.008452253028827093,0.09459244074952854,0.14534791814347753,0.04579782981804335,0.001598069184562536,0.015382017779481272,3.2390663162871984
0.03666344315023788,0.07043894701728755,0.005079334363365139,0.11729516382073546,0.22092814097950284,0.009810856061330177,0.0012484139194101993,0.14553746382327226,0.0063179481495157595,0.00019275308851897464,0.011169830712946941,0.16148798220683624,0.0641696016342932,0.004189923471982226,0.03110832952476691,0.08919284840076724,0.3467708230826583,0.12534840954340792,0.01436133910622727,0.1440372536989536,0.05017702317206912,0.0029396054639653207,0.10481193036583658,0.0535090833978251
0.003287115327768559,0.07043894701728755,0.005079334363365139,0.11856827528716428,0.22026315181974537,0.009810856061330177,0.0012484139194101993,0.16824700901494155,0.006330372010871985,0.002515368727415873,0.011169830712946941,0.04878033166397917,0.0641696016342932,0.004189923471982226,0.03110832952476691,0.26953747442927384,0.3467708230826583,0.12534840954340792,0.08735725414269252,0.1440372536989536,0.05017702317206912,0.002919557598167122,0.030357330046109923,0.0535090833978251
0.003203990666485298,0.015509226208051938,0.08887752556846215,0.017409040035309263,0.01162176236386532,0.22989919593082075,0.00526253059477209,2.4530280309900583,0.006335972618143636,9.519164534542175e-06,0.024064842200338943,3.832077040510643,0.0009970775181299624,0.001666072537098744,0.10614208135453566,0.07698080112217787,0.013269647363064458,0.004340606128282982,0.008041065368899807,0.11641147873023894,0.04617009451946049,0.027810155998933675,0.04615202800117392,3.2742146835054395
0.018994714880719844,0.011474483512677845,0.2804744232137129,0.2868401828373163,0.11032691781950536,0.41640769262990757,0.03511590239939541,0.24647577495500983,0.00648046634283849,0.020584359675778142,0.021914275339663367,0.10339859619360214,1.1527025289567456,0.0008388927786904315,0.03332529141656419,0.24150577931499048,0.06843449876921706,0.03324192181093096,0.2103912192891259,0.2807175589709474,0.006666495462187512,0.03830473179481521,0.06486880800855607,0.1325515845024876
0.005969971459613348,0.22962043054898695,0.10522964120157141,0.023488485586732544,0.012826057065262117,0.041615910455366265,0.004710789444484775,0.051334190446175834,0.006666366250894414,0.0006738773221538225,0.023729912956216112,0.044330056295292325,1.0725677115274148,0.006231475272575641,0.09725922952775323,0.2007019600987171,0.025525976763854583,0.02416733424266538,0.014112849052883833,0.039708856903245486,0.1574548842046043,0.010416066717263094,0.009139179644958764,0.16601003506751763
0.001353675013263216,0.008015933154244526,0.0036366604545237102,0.030995435412143477,0.0017244661489878577,3.773322029088909,0.0036118408525286794,0.04182007157215252,0.007638720685300546,0.022030287355361985,0.022849639577562333,0.013490257528401411,0.00032360285382197074,0.0031024308685368967,0.03324802439717762,0.068205037963595,0.16850505082869316,0.06795699659353474,0.10334842084378973,0.15999305388090734,0.0026800330043458,0.009641777438850044,0.09511700173684642,3.533343430535601
0.0013566366466253733,0.0028141291734944903,0.15071753510055244,0.03441682103823783,0.04825343480420804,3.4357967425302807,0.0016960211515547469,0.041844934153529065,0.004794846821149087,0.020012101376098247,0.022856539161016085,0.01065436843248202,0.0003972326359410799,0.00403232314252156,0.03528492565754629,1.3472554000215116,0.0027693269238914693,0.07141212808914806,0.2195854853125411,2.724680801094568,0.04516628379265192,0.0018644749946589833,0.09581318856376021,0.025128009971185472
0.03649457236956717,0.05634402947925454,0.09748582187584075,2.4274846174502054,0.019776385708358407,0.21298649198239838,0.006689309332169512,0.01302160715900187,0.023521219896331574,7.963345823045614e-05,0.024531216370896385,0.0223526500360941,0.003048671366426412,0.004682838373442232,0.10861814351519933,0.08291247431023774,0.04119609959603748,0.00634906527398268,0.012075898803575513,0.03244367159730227,0.002006324382250811,0.0011685432756396892,0.0011712518482081893,3.4621045827573793
0.00427405533234008,0.22551878483903848,0.27639868918237354,0.03306265091273932,0.20134046467665517,0.23737159338247607,0.0035025219956349466,0.15079230947268674,0.003214134156756909,0.021627338544729594,0.02132596221684579,3.5667377620304324,0.00016606158265944923,0.00173430108266954,0.10936598084667955,0.075888760094412,0.013790134605792634,0.03492717344115419,0.23791326427737033,0.09827526320361102,0.0678075355778886,0.03418207651666753,0.0644967855412315,0.111633140618978
0.2238770474364557,0.11361052845089706,0.14601209296244816,0.022647700138121563,0.10616491482985649,0.00029993382413310427,0.002271665768325829,2.572224728291271,0.1468646464912211,0.0020611876359940776,0.02424518136954812,0.02666175100391141,0.0017641233588127619,1.180070400708472e-06,0.0378038576143751,0.006157545172091217,0.26352660678580847,0.0,0.0012581493666061429,2.6854566871667322,0.001040837662225064,0.002216821071303693,0.026841613855756008,0.0072465773541494005
0.003954500489270631,0.007924935669146566,0.10645132238274654,0.02333128711993914,0.17898549025678653,0.41165598877943205,0.004835971689847977,0.14675879494388408,0.006710867407716079,0.022851361168114467,0.023729546161239273,0.04658933895874541,1.7253724884081076,0.0062590658454650195,0.09821435698774425,0.10774314930795743,0.17252264081417104,0.006395745814603594,0.014257896169102783,0.03235189865842327,0.0031998844163845398,0.0016614246292587004,0.012613396858725267,0.2334577804732536
0.0030711808978945653,0.0028141291734944903,0.15190086812262046,0.03441682103823783,0.04825343480420804,3.407576912953915,0.0016754540730034267,0.041844934153529065,0.004585657070100261,0.020012101376098247,0.022856539161016085,0.011920232826318338,0.0003972326359410799,0.004056553154905013,0.101841679472956,1.705638316502114,0.16584338740562254,0.07141212808914806,0.025244525981335905,2.724680801094568,0.044651422066577844,0.0018644749946589833,0.008319107205055042,0.025128009971185472
0.0032101789550372144,0.002869375067415856,0.0057453764894010995,0.10907529767692876,0.05054524173607981,3.2566679033077794,0.0007292544424565149,0.3001009919906733,0.002763361288943539,0.021674537934531547,0.020933607721755385,0.14088201021567628,0.0034379081885968863,0.004591156809092764,0.10582207375537528,1.297693099533311,0.004588395242565274,0.004226199724040236,0.19933827552628838,3.7625492766902013,0.004057792694774898,0.001629558564901221,0.005730164311250785,0.03112960502976815
0.0029398183522877518,0.0028141291734944903,0.15071753510055244,0.03428644262561523,0.04825343480420804,3.425581617418552,0.0016520133317730577,0.055018088185967325,0.004794846821149087,0.020012101376098247,0.02062540448781249,0.11116738268765394,0.0003972326359410799,0.003999603042165025,0.03528492565754629,1.3472554000215116,0.0027987516422021824,0.004855317024681019,0.2189147968730786,2.724680801094568,0.04516628379265192,0.0018644749946589833,0.09581318856376021,0.14806680865744393
0.006285707463221513,0.22916215022249753,0.05116965213880558,0.010571992926471596,0.1859125837484345,0.047592874202979335,0.003496670071849929,0.1155667016970765,0.006215391102105952,0.000588507546258756,0.02428026707414783,3.4733464681791397,0.004965535274249776,0.0064892262265376505,0.028556751313472892,0.3386145409487804,0.013683165161368943,0.0005140511104928544,0.1985252296573421,0.042963935287469945,0.11527693575264222,0.0019455474628680448,0.021196872470907097,0.31002334740826315
0.014281817889098384,0.00565550296147793,0.15447624201330556,0.03439960279333612,0.19149978399223852,0.2213828952381886,0.0046855884417946496,0.0418857431407029,0.004686945199741429,0.0008346576970006594,0.023518347230950337,0.015569108672973134,1.7625612991898993,0.004386612577489113,0.10173989812108206,0.01564673881182667,0.018069716372005606,0.07195608397804382,0.21810456081057508,0.15402682310870733,0.008761099748881843,0.01041842429895859,0.07438691989238091,0.2480778122938557
7.78616547857311e-05,0.06263408560968317,0.017681839486571413,2.995570446540864,0.0014096504804758242,0.03135752092415645,0.0012751293237309308,0.06176997378948476,0.005945253448927457,0.021987119687024347,0.11232705037895795,0.028128727347742213,0.0046218432323774095,0.0009031605505312457,0.026533765484066378,1.229045469669796,0.310802310971163,0.03423378009145739,0.07580188720147822,0.03261980223312076,0.006467109773796347,0.009991819392972091,0.09840741313149495,3.6543539842067085
0.0482713219838471,0.23456337575974132,0.005082031285828892,2.394966221131786,0.20050035892230483,0.008572656831365226,0.0032798149124111386,0.0023897474968053055,0.004859447920234303,0.00030063480404609135,0.016484638607463527,0.048570697131802065,0.014572706690303944,0.00037831682293810987,0.11262777564059823,0.0896147678120639,0.18791638245608488,0.12510343461326168,0.11776753120204349,0.04302075447732452,0.0442937035380064,0.0038023178303087345,0.09344871448280348,3.5674803439414573
0.014281817889098384,0.2217955732813535,0.15138755642311513,2.426371273047638,0.19149978399223852,0.2126861116581422,0.0020612047406296163,0.01395315914252282,0.009317619748044768,0.0020135517001307994,0.10149265711171136,0.10214505165126794,0.011036114641141181,0.004106088706867319,0.09819669739095283,0.0653490404938428,0.051333004807291666,0.03784933480926067,0.09774847860508787,0.1211512908221489,0.0012105067041741566,0.0026292222341004873,0.017454390638127933,3.3038005860677035
0.0017721539244784981,0.0075839432953432075,0.003763470449282366,2.9316175390938777,0.009108892319413017,0.2377979713973774,0.0017689968997321192,0.33981842520058,0.0005667681210427054,0.0010654013235418985,0.03171400349794881,0.10463882135031008,0.005494329081610433,0.0019148546038029153,0.10152463773720471,0.1702650507858523,0.3140298584931118,0.004067087072964749,0.01436090179863822,0.03762732151818555,0.004729991155878743,0.0005473090416268783,0.008959768775114688,3.655433189406118
0.0030676218033788157,0.008015933154244526,0.015200242510370396,0.11558145001707945,0.08712020398309112,3.4684413448528186,0.0019440344150567397,0.10863201678831375,0.00598272117661551,0.022055116686374394,0.030917867641335785,0.11386115935621528,0.0003236466647314239,0.001306075761069696,0.10072855890619994,0.29259045665216366,0.17026634523087403,7.904826454518954e-05,0.0728597331863904,0.15942800266882085,0.0015617531377136117,0.009681742626363286,0.06960432941481595,3.6567618475959
0.04417217981692939,0.21714884960578956,0.15065351616567782,0.02821578052923518,0.04803294191898848,0.052943844388658956,0.0018179482245938307,2.694703526879972,0.0051194645133871616,0.02180120500114715,0.022861519359638587,0.023407526482899114,0.0002479388529764816,0.0018176726863819812,0.1019834050588393,0.08526268530940273,0.026555559948138602,9.853846804007416e-05,0.20116348796767436,2.7261579400948435,0.04340626053260155,0.0020419007281100533,0.009155869331497438,0.13315357200311873
4.3845306603778774e-08,0.007583692891357241,0.22827178896772382,2.9945382984271736,0.023227431964305767,0.043192848987287466,0.006565778467643757,0.002980300790469667,0.0030627857275831484,0.022186722094502724,0.031993642578781574,0.015088305584874812,0.004268194808039259,0.0018678003062919657,0.107146251171964,0.01415255308968133,0.3043386074949335,0.0005367342354649481,0.2007654044316356,0.023798545147731193,0.0444457773961426,0.010449250333743144,0.010487948836950617,3.1800085686267576
9.362025733085312e-05,0.014482406108615155,0.14273890576393544,0.06934724890754534,0.04676962955034429,3.1430926657429215,0.0034975133917009836,0.015571262533812384,0.005959426796680549,0.021188218494584108,0.024416536573957773,0.045288988786674665,0.017812402442729143,0.0919037311662816,0.11166806914324998,0.029245737944031736,0.009281278071118448,0.04433073216170218,0.09239113011868982,0.23073732886320553,2.3249216675255333,0.03134137678198341,0.008521889729794323,0.08867976740826297
0.00017073530015366926,0.06262844801087078,0.1485358400303097,0.3308598211400192,0.1895957407159375,0.21295465927736434,0.0035461625096697277,0.01456975544301986,0.017738698426675182,0.022121771632452138,0.021229949597459732,3.247897159223675,0.0009459155361694644,0.0030787301757075666,0.026845262620551754,0.09438971842035462,0.30667020310909787,0.014111400888515396,0.20740873282307118,0.023898145996204597,0.0028150141531697037,0.0018662510938631434,0.042167986296321194,0.15567490905539993
0.0030234169787815963,0.010536627346360017,0.008189704043765123,0.12493978467279723,0.1672040829833725,3.139806225846934,0.0034972208913592773,0.0133594537259841,0.005074280002013248,0.022397317017310337,0.02156699584746035,0.033336782765132966,0.06236287245266091,0.0021285739544611455,0.1089434667769628,2.3548032434057404,0.03354319868736916,0.03829599823884295,0.09096341998521265,3.98288206847095,0.15345077116082226,0.0012655543089512074,0.030222113316114685,0.05293279967208291
0.0001601171354052458,0.05727511983228194,0.11001857547393204,3.6213676640007293,0.18251416743660903,0.042001149599665416,0.03219204503674425,0.013371489802702502,0.006083503543489288,0.022806049925030797,0.11260939153410363,0.3188543570082676,0.0034505412557438784,0.0052083425870181575,0.025887880731963214,1.2341952603259885,0.008773232715302087,0.10993396597575103,0.25729773308940385,0.03243566420287376,0.0007815184096196699,0.0002786661336506898,0.06639368252984357,3.2254813691095157
0.0035520404411244987,0.000132661802647413,0.011468046861932712,3.7687691255272213,0.0012514945967122687,0.1292361483102725,0.003681391718187721,0.16376231527560559,0.0044686451713563235,0.02234589824916458,0.02458864141204865,0.35316066058408535,0.055910025268032994,0.006041221453897175,0.11244690325372217,2.338864150532804,0.005482876575165291,0.040300738926559776,0.09897430068145416,0.027845956409748542,0.0031461245691738805,0.0036291417067380533,0.09547485144207878,3.5983275385172706
0.002936856715769154,0.008015933154244526,0.0036366604545237102,0.1396601482585773,0.004913855439332754,3.6826749009531485,0.003918082719632147,0.33952113290840447,0.0005369213639084855,0.022030287355361985,0.031320015506893055,0.10460432703852782,0.0002905364263750703,0.001975199456222803,0.10184856378472147,1.204225891037999,0.17037372763949724,0.0001579342109440697,0.09333928094090087,0.03678030490018487,0.002849287461352384,0.009641777438850044,0.043789773528329384,3.6561857974270535
0.003455254508058,0.012064886118927434,0.15490347437816138,0.2703636148002334,0.03002706347051383,0.23653291362327536,0.002692567253495783,3.8125245413015274,0.0047960785665190015,0.020600561394480684,0.017124253283972404,0.18379531291595064,0.0034701656827678664,0.0037861988376937713,0.10557276205112297,0.31411060468300167,0.005527224912811614,0.003174398328962269,0.0075477295649649875,2.763689799305256,0.0014941212968568318,0.012598767561800978,0.004303617954674266,0.08269338652797398
0.0014338135615874685,0.002863090925190335,0.2579221566901127,0.2588125782417039,0.20818973800953028,3.4299055613311595,0.003299902364918981,0.05165485252309578,0.022831419059910006,0.003936378258552762,0.0008741984943882036,0.412454900814082,0.0010468705188587718,0.004211421575559786,0.03172714917404985,0.30195544685127557,0.004925975118105904,0.024502842277345827,0.1997453254295309,0.047245968807667474,0.0026670036380417126,0.026886930200192394,0.00807075147778174,3.275193637718038
0.038958582041796336,0.012104744074383264,0.14316859259122278,0.23086854810914076,0.2413606300631982,0.21235171323996258,0.005220824865645807,2.457153868246768,0.004136470925147077,6.658833905020742e-05,0.020341087955315865,3.430454531409948,0.017592452900102834,0.0038069360779951615,0.018743306113362952,0.08580302477948364,0.03340230336692797,0.041949186201775186,0.0886741783222132,0.03244367159730227,0.11864011362546378,0.0011697535504931725,0.01754044027943133,0.25648002682124815
4.3845306603778774e-08,0.007583943861877543,0.22827178896772382,2.9945382984271736,0.023227431964305767,0.043408419983497246,0.0018983635503758384,0.005592696782125123,0.0006394438724531058,0.022186722094502724,0.031993642578781574,0.015088305584874812,0.004268194808039259,0.0018674945954779481,0.10720063847475515,0.00686760313056245,0.3043386074949335,0.0004503133696984413,0.19653373399682178,0.023798545147731193,0.0444457773961426,0.01031775697605481,0.010487948836950617,3.6504126136127595
0.014593556279830246,0.00415447602525907,0.14587539295329507,0.028414720918557457,0.05054524173607981,3.431467400891969,0.0008342166614999195,0.013955429628740097,0.004495182285154465,0.0019963722897150347,0.023277946407290466,0.142563851924811,0.003249776526295738,0.00046576055301430575,0.10490819269245277,1.2978614876825199,0.004621265791311627,0.037746708087008814,0.10247104073511606,3.8145661435473848,0.04536979473066096,0.002590442509030228,0.006207004952709448,0.025195840303335364
0.0029796266004100103,0.22694090591127727,0.02800781386531001,3.9813948774765544,0.18251416743660903,0.045131155506083376,0.03130631867266476,0.03344251168573173,0.004544677465533435,0.022272846861813363,0.016902116412822174,0.3035764144218311,0.06074906711327702,0.00010411848455417022,0.11032693563984611,1.234492159478835,0.008773232715302087,0.12517101197168148,0.2667822336306791,0.028683831742483613,0.04592952512025857,0.026899918358782117,0.06627249921570487,3.643229968007082
0.0034188504028572625,0.05382273728882249,0.24256057837312123,0.019768236201123394,0.20825105664923496,0.1347993838429368,0.0013944294583959343,2.4819087762087504,0.006185970683321745,0.002061425061954718,0.024516263442819493,3.7603149036077923,0.00036771196335962987,0.003265844026590194,0.11115718412071952,0.014709041725592951,0.01378130405208064,0.013925300029106039,0.20740905713854618,0.02624003159680055,0.0019450642929781448,0.0019815284640488672,0.042799763254876,0.2146771416439074
0.00014657806945266028,0.015548342969587708,0.1485358400303097,0.048349397461468394,0.11075286171643875,0.1876512302469433,0.033168538589591096,2.3951913579554542,0.01753162212427692,0.02267412097094467,0.029534825180036337,3.2891288827353247,0.0007992046110660653,0.003608167284124722,0.10041378169490803,0.09435156361810614,0.06834206930280867,0.04670491552671589,0.20740873282307118,0.019853346111453854,0.0011043384000840957,0.01165583472577587,0.042784170556672045,0.08342262215621318
0.0030142534180545282,0.0027701856125658605,0.23401610648121068,0.2537929112394002,0.19912708988573954,0.06468197402922282,0.004111430751588712,3.634299176247528,0.018647200055888956,0.020068727307746052,0.10443203391495243,0.3244319725170735,0.0001579972116285439,0.0013295730231582398,0.021488625306289297,2.4660009816667015,0.3542170506862085,0.03754198737671528,0.22810292310894903,3.7694859146910638,0.011508058812135374,0.0013476800789344503,0.008271730958945431,0.018755268182724157
0.002936856715769154,0.05675360329550105,0.1112117920742592,3.220273079178297,0.001882898822517754,0.21282833895579722,0.003918082719632147,0.43319556740616516,0.007675375543588326,0.02286185846852793,0.031177366590245562,0.14090013324635564,3.106725313609224e-05,0.0004396533100104322,0.11347779717361843,1.2309173871832093,0.31545582211002693,0.018157244856665138,0.09701788922377944,0.15942800266882085,0.005996668751696329,0.010229457814478395,0.06808565861066962,3.6021328020532657
0.003135903696285771,0.004145640346298094,0.2577830916514912,0.01666683768649911,0.20818973800953028,3.444552005565149,0.005380373787520598,0.0578830156619083,0.00615477889763375,0.003936378258552762,0.023188006257679902,0.412454900814082,0.0010448609550895332,0.0009989429463476498,0.030773824248508157,0.07588049535610973,0.0236099551748106,0.024502842277345827,0.22636606031425252,0.047245968807667474,0.04887434481383489,0.025885685158821607,0.06971657493422855,3.275193637718038
0.002936856715769154,0.008015933154244526,0.009214148786373312,0.11558145001707945,0.08712020398309112,3.761568301444128,0.003918082719632147,0.4287359338195173,0.007675375543588326,0.022055116686374394,0.030917867641335785,0.11386115935621528,0.0003236466647314239,0.001306075761069696,0.03015487211508347,1.2836185647045373,0.16905059795181832,7.904826454518954e-05,0.0728597331863904,0.15942800266882085,0.00343493859995604,0.009681742626363286,0.06960432941481595,3.6160298666011816
0.019042849794192296,0.005752974087989797,0.26115174356203297,0.2588125782417039,0.20818973800953028,3.5161644528774953,0.003299902364918981,0.05165485252309578,0.023158981655995163,0.0019981104295517345,0.10472536519486134,0.4147390601855686,0.0010624822597986579,0.00011384219739034833,0.03165835994633451,0.30195544685127557,0.018866072311124374,0.021728985115133933,0.19607222531166357,0.14589653807341008,0.0063895507055086,0.030002245110256114,0.026066617218518794,3.9186805789864425
0.0003666843537785476,0.2159687667934123,0.2350964986318486,0.1473414214682447,0.010230532117421809,0.2389061870553729,0.002825525603070752,2.453485562467843,0.005590129301004124,0.0011835500130554825,0.022672915947870603,3.7800440218299665,0.015438718447046952,0.006305699841827065,0.10144143623505475,0.06545731254008409,0.31382126700961355,0.005148327552687636,0.09459244074952854,0.11906110471613118,0.04617009451946049,0.02752883273619699,0.017409368768100873,0.8883288604202093
0.045136602964295454,0.01490431478210856,0.008821186035145284,2.6748821238900407,0.23696554371640044,0.2286914321200195,0.0018926814588052674,0.029394533800373823,0.0051606025349441665,1.72663237991786e-05,0.11320550314103908,0.01792361674114933,0.041336724606215715,0.004084174900475356,0.10084117540564505,1.7052987597488687,0.024023101774076905,0.007126829574912982,0.005543690969410861,0.06438705758545216,0.0028151496202405424,0.002073144877263796,0.07810024518546729,3.1528187547183175
0.0011367231645553165,0.21636713740014202,0.1579414007527912,3.0287770084417964,0.22899989527130593,0.23584658187088703,0.0065819219126503105,0.0565865658274177,0.005143874582205719,0.02210947842182167,0.028923649084946428,0.10368525467794232,0.0009229627238345924,0.0038310389758484456,0.11807379416873529,0.07753006546245844,0.3153614879076304,0.07885143436714398,0.014464258733313806,0.05903117521793211,0.10277973019227378,0.010392007317076435,0.01574317477095328,2.7999666007216497
0.045136602964295454,0.21018609796660875,0.008821186035145284,2.732644511917111,0.2368405937742818,0.2610850515484714,0.0019000275206468285,0.06930845431437553,0.006055592968382137,0.019081678550402055,0.11285008088895856,0.01792361674114933,0.03812965639334038,0.0008124028377538065,0.037459675659089656,1.7052987597488687,0.022947246299015362,0.007344836546292378,0.01133022704967794,0.06438705758545216,0.00681370085262694,0.002073144877263796,0.0645676595287802,3.1528187547183175
0.0034188504028572625,0.05382273728882249,0.2427733901744908,0.019768236201123394,0.20828249865097512,0.23796990648443614,0.0015681765426431415,2.4819087762087504,0.006185970683321745,0.002061425061954718,0.024516263442819493,3.6821583655659804,0.00036771196335962987,0.003980395135347981,0.11115718412071952,0.016800661785532522,0.3097531160246597,0.013925300029106039,0.20740905713854618,0.15917927754209824,0.0021206266261938043,0.0019815284640488672,0.042799763254876,0.2146771416439074
0.001879544852350172,0.008842928903518489,0.10839731735981536,3.6213676640007293,0.18251416743660903,0.042001149599665416,0.033971669065079556,0.013371489802702502,0.006083503543489288,0.022806049925030797,0.12130513072956195,0.3188543570082676,0.0034505412557438784,0.005314380315972511,0.025887880731963214,1.2341952603259885,0.008773232715302087,0.10993396597575103,0.25729773308940385,0.03175868527758633,0.0007435648157183912,0.0005417198600654186,0.06639368252984357,3.2254813691095157
0.0030683717945547296,0.06367043888374421,0.015039377322028188,0.07158817438675757,0.06894576539485203,3.4632227701407183,0.03244376679838518,0.09316620147090587,0.14539140016588092,0.023634986172513417,0.10630529131399988,0.03097152909704405,0.01449429971799151,0.0051024827007832615,0.10509735037244194,0.31921711923744106,0.19081783496705182,0.01379675994216055,0.011441873844238795,0.1908292592500887,0.001596786576162055,0.002222428453781046,0.0657934990625712,3.662401879897547
0.0003666843537785476,0.2159687667934123,0.23289523597616965,0.1473414214682447,0.010230532117421809,0.23805919096641764,0.005351334257521115,2.453485562467843,0.003964826597637038,0.0011165572889564512,0.10276993952776703,3.7342574465834213,0.015438718447046952,0.006305699841827065,0.10144143623505475,0.3071424010196656,0.3142075097987739,0.005148327552687636,0.014406561165668949,0.1835276316529023,0.04617009451946049,0.02752883273619699,0.09957528616025049,0.8883288604202093
0.003070859034242817,0.010536627346360017,0.24966540055362493,0.12493978467279723,0.1672040829833725,3.139806225846934,0.0034972208913592773,0.0133594537259841,0.0045710340193656175,0.022397317017310337,0.02141520645929476,0.033336782765132966,0.04390833254472719,0.002111295713873364,0.1089434667769628,1.741803611320755,0.03354319868736916,0.0723085706230519,0.09124847868690052,3.657853336768558,0.15345077116082226,0.0012540913121762403,0.006330234394982155,0.03385706626575144
0.00011267589640423211,0.013275860982646808,0.14273890576393544,0.0674641948017448,0.046787147037946036,3.154032055017977,0.0054175547461751666,0.010344527764913975,0.0041470008692222225,0.020633888650956937,0.020053450268191934,0.045288988786674665,0.017924130560735642,0.0919037311662816,0.11166806914324998,0.029245737944031736,0.004983855650473101,0.04433073216170218,0.09142411641856486,0.23073732886320553,2.367351137822111,0.0015284279517395194,0.017088464456363327,0.16536275150231394
0.0030142534180545282,0.0002928963339206862,0.021683880040076306,0.3717182675263815,0.19912708988573954,0.06468197402922282,0.004111430751588712,3.634299176247528,0.018647200055888956,0.021994687306962798,0.024581811797938575,0.3244319725170735,0.0015355036546300035,0.001358665630300797,0.03878254704993504,2.3410863467314313,0.3542170506862085,0.0404041918511042,0.09477367365306709,3.7694859146910638,0.011508058812135374,0.0008251541703328102,0.01060859025008883,0.1666372718115039
0.006426336273180415,0.08131664034641621,0.11054208665617085,3.6694162836480846,0.23308397418451637,0.18825023615940403,0.00408223243587416,0.12963112353154735,0.006320049231274746,0.022830617132364398,0.0965010933458278,0.22805998826274038,0.00495816393044562,0.003716841447903808,0.10958279129188803,1.2139772434126583,0.30154128524851187,0.12528013690362352,0.25025420832977285,0.022867878630626937,0.044663908223073964,0.001634830647227572,0.011003831028576484,3.68221084486587
0.003066242438041399,0.2217799299844637,0.11170308796648636,0.0210180501690692,0.10363450566645896,3.45510623089641,0.004494012020864015,0.044159241302644814,0.0063420763580858686,0.019431493977747676,0.02413558415534132,0.12816084606875505,0.0017641233588127619,0.004107964699775553,0.0990471508924586,1.8058246041381918,0.1682827111696597,0.0,0.0009913149348206637,2.7596135080494903,0.0509258534735238,0.001893042466868094,0.06882668691959354,0.2528460285306567
0.003471808159501953,0.017455364639062887,0.01512239470449829,2.394966221131786,0.1908428580028192,0.008656302778359246,0.003137410504297694,0.1015637026194238,0.004689291086928466,0.02277514526990327,0.01655400498551122,0.016169193844845445,0.0010181341748430684,0.000440427687113253,0.10142705777323732,0.28806087844323935,0.19227904493036616,0.11438383120774498,0.01759210143081144,0.22194444570527505,0.04564273241699496,0.003764704034180009,0.09344871448280348,3.603180480739548
0.0037695546898342315,0.01369709131966114,0.15493517068092985,0.2639594683621809,0.05133953986699171,0.23734312988790363,0.003464765172646362,3.8125245413015274,0.004826780603863599,0.0016645866526949094,0.021667429594628234,0.09813550589134534,0.004925279275260694,0.001955305123430377,0.10543103646523966,0.31411060468300167,0.33910532619769085,0.08231304089408858,0.005105796502245838,2.7343092413614913,0.001678173872945353,0.012439726234992187,0.0041913994859370095,0.08265827430303971
0.00037091061339458633,0.21509338859263066,0.24764300879532147,0.028031311330888632,0.2026710619562493,0.23731581602046486,0.03282527487659382,0.16221507893399761,0.0057107180429803225,0.0023308689153042164,0.024565394545579176,3.684292565543772,0.0010203869997165067,0.003996525276841325,0.10953945531705438,0.3590597057621871,0.31726288224249133,0.008001988463794352,0.24958824608237362,0.1596762771607412,0.0004345946745476566,0.011082617900809078,0.015969011777924084,0.11234253505665094
0.004718531976190252,0.002863090925190335,0.26131405074466846,3.3965219881890216,0.20028218291885766,0.013061732022933148,0.0033019424531613613,0.01246368810297687,0.02309663410860406,0.004329260705757699,0.013837495560072804,0.12641519126931966,0.0010700953917234018,0.004216170359773185,0.03406820623493568,0.26099075263934834,0.007226602355439524,0.023692562308176644,0.21094358011173558,0.047245968807667474,0.006158239635252525,0.003379710819478168,0.08891292198621623,3.575027482980049
0.0030251293261337625,0.06393671213248601,0.24859244974166422,0.11917484577347892,0.22052988307827798,0.075082231293373,0.006246149261148264,0.0005223574841928709,0.006330372010871985,0.0036501727857527573,0.02224969732701163,0.04878033166397917,0.04571506172636008,0.003964477504187173,0.031000615596619617,0.26953747442927384,0.3467708230826583,0.07672698583344731,0.0870296760845242,0.0029696077351788475,0.05017702317206912,0.0026753135614337818,0.0064658763711241286,0.03443334999150603
7.092469486562607e-05,0.05602655940301034,0.005970575882189522,2.9316175390938777,0.009108892319413017,0.2377979713973774,0.0006703277245563716,0.33981842520058,0.0005667681210427054,0.0010654013235418985,0.023024686225858022,0.10463882135031008,0.005494329081610433,0.0018088179328915538,0.10152463773720471,0.1702650507858523,0.3140298584931118,0.004067087072964749,0.01436090179863822,0.03830430044347299,0.004768465528120868,0.0002842553152752266,0.008959768775114688,3.655433189406118
0.0017721539244784981,0.013144683340417122,0.004808373406958777,2.951361215138717,9.72445514166951e-05,0.42759463739348885,0.0017689968997321192,0.08832837652376516,0.00768299820206024,0.0012520484667125544,0.03171400349794881,0.13693370413398842,0.004780761509497626,0.0003793932887984177,0.10030994206065262,0.35160388449268576,0.17082307733434096,0.004130677615163966,0.01436090179863822,0.16133482515354314,0.004729991155878743,0.0005473090416268783,0.00914312836696181,3.605497318644653
2.9985173220795975e-06,0.0075234802186699284,0.24127920352741372,2.9945382984271736,0.24088482835024994,0.1856035700521403,0.006565778467643757,0.002980300790469667,0.002919379881860565,0.022187425967029575,0.03167518866994172,0.015088305584874812,0.004268194808039259,0.0018678003062919657,0.10724272906849025,0.01415255308968133,0.3043386074949335,0.0005367342354649481,0.20066142729322903,0.023798545147731193,0.0444457773961426,0.010449250333743144,0.010479575619574435,3.1800085686267576
0.0031326233804003425,0.004151924488523581,0.001071525148422292,0.10907529767692876,0.05054524173607981,3.271314347541769,0.0009097442987364124,0.30631285054766205,0.002763361288943539,0.021674537934531547,0.021015060012024703,0.14088201021567628,0.0034379081885968863,0.001378584309832936,0.10486864070678041,1.297693099533311,0.023047094762893513,0.004226199724040236,0.2256119584140825,3.7625492766902013,0.04844242723594212,0.0003037919123853117,0.06895937105547041,0.03112960502976815
0.047725498873639756,0.21773464140905568,0.009019771167969872,2.671202551211162,0.22166883415020028,0.07867374905226887,0.006080432049211547,0.058697673413124984,0.005127214470819163,0.0025830913577096545,0.021411587225085633,0.019228992521317805,0.010454519524384562,0.003982497152625233,0.10076165776226054,1.6412580047021832,0.04341751988848999,0.007115240225294195,0.08734539858800307,0.06745187033133451,0.002755358831541845,0.00269847095542675,0.07840862488421933,3.124071806814002
0.035484561099019735,0.05634402947925454,0.2553974005196662,2.3829914206513063,0.19231457775984334,0.21298649198239838,0.006689309332169512,0.05066705457410121,0.007150494134047745,7.01001634380049e-05,0.10379370349402324,0.3745825648700316,0.003048671366426412,0.004549861448433782,0.031149951540322254,0.29534001670592147,0.02007311098849214,0.006528893378745746,0.012075898803575513,0.03244367159730227,0.0061882064160877865,0.0011685432756396892,0.0011712518482081893,3.4621045827573793
0.0006510187803752258,0.000132661802647413,0.012289299915526034,3.7687691255272213,0.0012514945967122687,0.04296650011309863,0.003681391718187721,0.16382988447620722,0.0044686451713563235,0.02330103053324348,0.0245667893194132,0.35316066058408535,0.0019595486590240838,0.006163129642235289,0.11244690325372217,2.338864150532804,0.005482876575165291,0.03761217511705274,0.09897430068145416,0.027845956409748542,0.0031461245691738805,0.0036291417067380533,0.09547485144207878,3.5983275385172706
0.04386116053344674,0.22464990176784436,0.15794085195324473,0.18330978026782074,0.2372961522893277,0.2313411373586058,0.006625843882230525,0.056481961063551606,0.004799839082862113,0.022106682445394286,0.03104965366475259,0.10368525467794232,0.0009229627238345924,0.001725909312050891,0.1072158818285478,0.022525288771008713,0.3276436238123173,0.07264356534380752,0.2010547956416222,0.06021731463326575,0.10267156041657781,0.010392007317076435,0.025642114822218266,0.3519671524565908
0.007368025197067377,0.21773904896707996,0.1065450628176745,3.1151622026566246,0.0111921857130318,0.30599461856555155,0.00403409370044943,0.34400938230679384,0.02349895869504503,0.022100509627626115,0.033165660572284185,0.016037064010795764,0.0010544606430485937,0.0014259807054215151,0.10118445631069183,0.00135879357670321,0.04480566887628206,0.043265730518667375,0.25214896633507966,0.23988861313956938,0.062423812091083386,0.001620074602576157,0.008316058013023339,3.1140557614043436
0.003187620057248367,0.013060397275842156,0.13848820972578338,0.23760244218224355,0.08904884921545216,0.4227773969680392,0.003280469235256135,0.004733501517899981,0.00483975012069234,0.021760704277406943,0.10400148294901887,0.14114382269731887,0.01455453372993187,0.003719243272712179,0.10718902904096955,0.09035065530551624,0.19539751616226445,0.014675965343665581,0.1925783547289947,0.024497542455889504,0.005783095186935025,0.011717309656246459,0.009145985192573088,0.2912269374753192
0.006155073090835821,0.20960863004030217,0.23641718770316197,0.3663900265513349,0.09740940321018568,0.16169154823449652,0.003058634263633911,2.4530280309900583,0.008492259989930915,0.00014242618564439696,0.02280457201188224,3.7854334843054693,0.01622195258653054,0.006384434140366,0.037899122334847525,0.0735890139407223,0.19933073339237656,0.01565875508487087,0.09459244074952854,0.12004368406854866,0.04641044918802764,0.027810155998933675,0.01535795556128301,3.248328522967469
0.03623758455774817,0.05401943083214071,1.874866312609469e-05,0.06453809031776792,0.06884914408440894,3.4632227701407183,0.005455791291948508,0.010653540727130872,0.0042739257069160565,0.022849943120286022,0.10719274988345065,0.10370391903816979,0.01449429971799151,0.0010366089802260744,0.10820506880866164,0.31921711923744106,0.02892415724714148,0.004447478005132376,0.003840894908466813,0.0383177857557606,0.15059980806334433,0.0018182220037630766,0.043593591043939166,3.657175018898092
0.0034188504028572625,0.05382273728882249,0.24288497303413545,0.020653113480639793,0.20825105664923496,0.13134157106849687,0.0020705626653805937,2.4819087762087504,0.007391656461857615,0.0023852469346454745,0.024516263442819493,3.6861320579000663,0.0019885770394073993,0.003265844026590194,0.11115718412071952,0.016313525581727023,0.008084118695122827,0.04535470807764584,0.20740905713854618,0.02624003159680055,0.003647938211721047,0.011193203386487738,0.045860784145743266,0.42747337925465967
0.00031883846085389747,0.026797496293731682,0.2350964986318486,0.0036799058758984204,0.009802918668907805,0.20384546152565375,0.0034995019306511975,2.4523080404067685,0.005590129301004124,0.021725782707506247,0.021595072171567944,3.3479541050371147,0.014624062970065254,0.006305699841827065,0.10737473060079569,0.09953563203535616,0.31382126700961355,0.04559615200981831,0.09459244074952854,0.11906110471613118,0.03986407691123121,0.012188515765759425,0.047364624489966256,0.02031971963679119
3.6027254762859354e-06,0.06547833339966132,0.0028604623655218153,0.03387938773460314,0.07574195286058054,0.257537590964564,0.002203647087422578,0.1576785861035863,0.005156448897001736,0.002067190181175552,0.027238103827767264,0.031217975209791374,0.13584251577282358,0.0018583748784834716,0.10175752669136684,0.0004626353209185863,0.15850619705192212,0.0228017724235946,0.19765968424777822,0.1540385981809405,0.007828637964157835,0.028297711808493258,0.06272453611587599,0.07834040663909858
0.0017721539244784981,0.013144683340417122,0.004808373406958777,2.687528212745878,0.02008856565128341,0.38374066225541403,0.0017689968997321192,0.043211573673117586,0.0005667681210427054,0.0012520484667125544,0.03171400349794881,0.38984217868217963,0.18777229420930336,0.003959660756545274,0.10030994206065262,0.007608120205536362,0.1708945275214296,0.07713199085487281,0.01436090179863822,0.03868551325771717,0.004462962779090861,0.0005473090416268783,0.00914312836696181,3.655433189406118
0.003213459270922643,0.002863090925190335,0.2579221566901127,0.01666683768649911,0.20818973800953028,3.4299055613311595,0.00519827855669976,0.05165485252309578,0.00615477889763375,0.003936378258552762,0.023106553967410584,0.412454900814082,0.0010448609550895332,0.004211421575559786,0.03172714917404985,0.07588049535610973,0.005150368468732959,0.024502842277345827,0.2000923774264584,0.047245968807667474,0.00442663331928644,0.026886930200192394,0.0063910315949986946,3.275193637718038
0.005929947765841502,0.21344986607575206,0.2645449403564254,0.04692399725211138,0.19012856795237698,0.2439660603009778,0.03282527487659382,0.1618171679946132,0.00774144152480711,0.023978871765124088,0.14804652603486168,0.19258623733016544,0.0009841199978803418,0.00674921920000829,0.10953755855536176,0.318732968380978,0.32672099136673394,0.005744772671924428,0.009033949495143329,0.16768419888411967,0.0026431606811993464,0.0006360940446819494,0.07050864922683817,0.11180568514321872
4.3845306603778774e-08,0.007780514149968959,0.22827178896772382,2.9945382984271736,0.011965022870226192,0.043192848987287466,0.006524347320412307,0.002980300790469667,0.0030951441276694117,0.022186722094502724,0.023483347526149556,0.015088305584874812,0.004268765581888601,0.001667347838143722,0.107146251171964,0.073669492195101,0.017062438360647553,0.0005313379171621305,0.19102596094528812,0.023798545147731193,0.0444457773961426,0.010449250333743144,0.010487948836950617,3.1800085686267576
0.007325117224844185,0.21773904896707996,0.1509433223960522,0.03375199677848806,0.0111921857130318,0.21190651591302276,0.004029931337603248,0.34400938230679384,0.017784636628649417,0.022100509627626115,0.03317939407098629,0.040158706575572856,0.0010544606430485937,0.0014259807054215151,0.10047146455727693,0.00135879357670321,0.16833544864836797,0.04605397687796671,0.24663935304265608,0.23988861313956938,0.062423812091083386,0.001620074602576157,0.008316058013023339,0.27281526008478574
0.0060653380768952575,0.2428084407950981,0.10522964120157141,0.005923844217960663,0.0067481033204206675,0.22489813869588127,0.001664497279985811,0.051334190446175834,0.007418657429366235,0.0003333084856262415,0.023583328377817434,0.044330056295292325,1.0725677115274148,0.004844533582537447,0.0994481069125071,0.2007019600987171,0.09695449404683697,0.0013653629708724425,0.025413214894992056,0.04679607091698183,0.006584272671560987,0.010416066717263094,0.07453032079353528,0.4451331417175557
7.7806921844876e-05,0.06263408560968317,0.017681839486571413,2.995570446540864,0.0016126989279320325,0.04313609806136611,0.0021467077667779635,0.05928146353725702,0.005945253448927457,0.021987119687024347,0.11260956387166039,0.028128727347742213,0.004677693626737949,0.0009031605505312457,0.026511336904563334,1.2290360728536418,0.310802310971163,0.10671950914337969,0.07580188720147822,0.03261980223312076,0.006541259851038346,0.0001256038462639844,0.09840741313149495,3.6543539842067085
0.045241493787257475,0.0025020644116514057,0.015896945342870117,0.32930098494101645,0.20526311795209545,0.2151982207364805,0.001828977362080601,0.15333538028794264,0.005133804119707304,0.001493934885779289,0.10874333348601647,0.017809487795552883,0.014566702356971079,0.004682808609803429,0.11763635013292245,0.09406921650202982,0.1736299970106671,0.0018679450789800805,0.010058744751716406,0.046912982168384264,0.012295532586693025,0.034047146778087234,0.07393390734725197,0.4514545354782039
0.0482713219838471,0.23456337575974132,0.003671268484660359,2.394966221131786,0.1991011070047519,0.008656302778359246,0.0031263196804616807,0.0023897474968053055,0.004891568546934798,0.00030063480404609135,0.016484638607463527,0.016169193844845445,0.014572706690303944,0.00037831682293810987,0.11262777564059823,0.0896147678120639,0.19233018096526935,0.12510343461326168,0.20486554246644378,0.023558298742181225,0.0442937035380064,0.003764704034180009,0.09344871448280348,3.5674803439414573
0.0060653380768952575,0.22424465018586964,0.10522964120157141,0.023488485586732544,0.0067481033204206675,0.22489813869588127,0.004693655098393517,0.051334190446175834,0.006719526868369085,0.0006738773221538225,0.023729912956216112,0.044330056295292325,1.0725677115274148,0.006231475272575641,0.0994481069125071,0.2007019600987171,0.17493526792042569,0.0015320455014690016,0.014112849052883833,0.04679607091698183,0.006671687925215514,0.010416066717263094,0.07416719144863078,0.4451331417175557
0.00017162622710615368,0.22694090591127727,0.02800781386531001,3.9813948774765544,0.18251416743660903,0.045131155506083376,0.002187861066107355,0.03344251168573173,0.022892375959974592,0.022806049925030797,0.016902116412822174,0.046728879175351276,0.003358422087070787,0.0006115094691419133,0.11032693563984611,1.212193581191978,0.008773232715302087,0.12517101197168148,0.25729773308940385,0.028683831742483613,0.04585004031797128,0.026454829990687885,0.06627585700766642,3.643229968007082
0.002936856715769154,0.008015933154244526,0.0036366604545237102,0.1396601482585773,4.2069167960812406e-05,3.6826749009531485,0.003918082719632147,0.33952113290840447,0.007638720685300546,0.022030287355361985,0.031320015506893055,0.13689920982220616,0.0002905364263750703,0.0004396533100104322,0.10184856378472147,1.2687239633573508,0.17030227745240856,0.0001931064389895723,0.09333928094090087,0.15942800266882085,0.002849287461352384,0.009641777438850044,0.043789773528329384,3.606249926665589
0.00037091061339458633,0.2159687667934123,0.2511567217803436,0.15790010749344097,0.010128677557238536,0.20139152460934578,0.002746005850461471,0.02254805098794245,0.002912845265249796,0.0013779329829143256,0.14804652603486168,3.7567716506288114,0.0010653226043746405,0.003949886863521708,0.10953755855536176,0.28400440633809665,0.3239326172750563,0.005656188290047347,0.01648992325914264,0.16052977752433567,0.0006375100772318815,0.0007481004546350748,0.011536558902188666,0.26226039388728567
0.0029376067069450677,0.06367043888374421,0.009053283598075003,0.07158817438675757,0.06894576539485203,3.756349725689982,0.03458970158538243,0.4132741810830317,0.14806352931036382,0.023634986172513417,0.10630529131399988,0.03097152909704405,0.01449429971799151,0.0051024827007832615,0.034523745250169956,1.3102627168540955,0.18960208768799613,0.01379675994216055,0.011441873844238795,0.1908292592500887,0.0034699720463206444,0.002222428453781046,0.0657934990625712,3.621669898902829
0.0032821815593568854,0.07043894701728755,0.006217078178714058,0.22124920914830115,0.22026315181974537,0.012296285262247544,0.0052075881092858494,0.008088461534720145,0.008345010572801789,0.022979715998140044,0.011169830712946941,0.048801733070148796,0.06296400663414148,0.0004974360879839114,0.03110832952476691,0.26953747442927384,0.3138731437354115,0.12534840954340792,0.015171915625654876,0.14630914895930705,0.057449082812614405,0.01085048418881853,0.03056783303369788,0.03809008830712912
0.001490638752303285,0.22704572194411476,0.05106071599965184,0.04786074133232823,0.19111995658787975,0.12804602813842353,0.003496670071849929,0.054159722124406715,0.004813185777932502,0.0008676208896595829,0.024160921370140934,0.23409978052607516,0.05020417021556456,0.0005265888639965524,0.02884497962596516,0.22090049247782417,0.0004785120847718878,0.0016210626312293153,0.2608244634582357,0.043109525078941766,0.0009610576321256274,0.011854323614758728,0.09310030395043818,0.2782672344852578
0.21595500986256194,0.23456337575974132,0.006576402321273017,2.4102404887666453,0.2037017836081026,0.047324599732227995,0.003143705222438624,0.16537659375930708,0.15035161901150154,0.00031349062918345017,0.01638564402288055,0.04624006202119791,0.014821149016420137,0.00037831682293810987,0.1128171427489328,0.08036634076187815,0.18725874924777877,0.0068045167614753585,0.02419430413873644,0.032320867294454186,0.003175287109647165,0.012756181082156315,0.09493383131448842,3.265840731128854
0.0035520404411244987,0.0006687245570389218,0.011408707811225646,3.79781659690989,4.9345914080108815e-05,0.1292361483102725,0.003681391718187721,0.16573326406731168,0.0044686451713563235,1.3215811099810595e-05,0.02458864141204865,0.35316066058408535,0.05548990811642594,0.005165860275334585,0.11221936570395541,2.3415588808332304,0.005478495283446808,0.003222250834737969,0.10211411040286399,0.027845956409748542,0.0031461245691738805,0.0036291417067380533,0.07134295074321628,3.5931625531602367
0.0030600397157423092,0.06930926888546646,0.2581737026677093,0.11509176200693427,0.04546754943801972,3.4075769159302713,0.0017349213328958894,0.06181388045648427,0.004585657070100261,0.021944107241550444,0.11211708077390395,0.023511112627171968,0.13333589602622403,0.0066708489002992,0.10104923586000766,1.6924193219299295,0.1634671767548941,0.07011103049035203,0.243672681579982,2.7251771794250352,0.04469108979076648,0.011446845820640813,0.008319107205055042,0.025128009971185472
0.03623758455774817,0.05401943083214071,1.874866312609469e-05,0.06453809031776792,0.06884914408440894,3.4632227701407183,0.005501470195784859,0.01077401183758786,0.0043453925159152125,0.023456090947706683,0.10719274988345065,0.10370391903816979,0.01449429971799151,0.0010366089802260744,0.10820506880866164,0.31921711923744106,0.02586409149188587,0.004447478005132376,0.008328655564924611,0.0383177857557606,0.1587744139908558,0.0010864334123171179,0.043593591043939166,3.7213649836200196
0.00037091061339458633,0.2159687667934123,0.2506323361720284,0.04699270854741559,0.008458290783054448,0.23731581602046486,0.03282527487659382,0.14787501967416042,0.0056739635438464876,0.0013761748590218632,0.14804652603486168,3.7598813315929953,0.0009841199978803418,0.00396999704836236,0.10953755855536176,0.3327641837071192,0.32672099136673394,0.005744772671924428,0.009033949495143329,0.1596762771607412,0.0003366486477005687,0.03305126315814871,0.015969011777924084,0.11180568514321872
0.00302331593835644,0.06393671213248601,0.26632468093456835,0.11917484577347892,0.2201651734503895,0.075082231293373,0.006246149261148264,0.00021550758315780523,0.006330372010871985,0.0036501727857527573,0.02113041509724565,0.04878033166397917,0.0641696016342932,0.0038917827140658254,0.03383999548137812,0.3163990911580193,0.1566247897683069,0.07672698583344731,0.024402455931770706,0.1440372536989536,0.05017702317206912,0.002720617645852221,0.030357330046109923,0.02664857370211758
0.0030777046890839168,0.02166204008215561,0.232519952423489,0.03441682103823783,0.13154559000895882,3.407192786994215,0.00462636346507313,0.016711938852136288,0.011947397340353263,0.020012417442064438,0.10570370664064746,0.09669357547461574,0.01858593527708141,0.001959783488473929,0.09955158937673786,2.4284796384455167,0.1565928908678032,0.0025865630569395573,0.012391267226602443,2.724680801094568,0.04756036305430307,0.0012814842900145717,0.011746767393447703,0.021264746381128668
0.0030142534180545282,0.0027701856125658605,0.23810485115173952,0.2586381563354083,0.19912708988573954,0.06468197402922282,0.004111430751588712,3.634299176247528,0.018647200055888956,0.021988578353850402,0.021017184357136492,0.3244319725170735,0.0004917978589941158,0.001358665630300797,0.03738841610276451,2.488109697520036,0.3542170506862085,0.03754198737671528,0.228184472952561,3.7694859146910638,0.011508058812135374,0.0008251541703328102,0.01060859025008883,0.017603394014415106
0.03635998222561152,0.07881534169480758,0.2589905224809992,0.07557731042300975,0.21223301721827081,0.18736572862215295,0.0019872413143835824,2.493253386152687,0.008425465208589744,0.004622561488505467,0.02258336003791699,3.925243011385364,0.005423037619366227,0.0041975644065655095,0.034477991884511935,0.004317451804444983,0.3042870919541179,0.04688854034170862,0.1996804190782804,0.11893957172114224,0.005080494042650669,0.0008317786126691932,0.09828896541390442,3.1170660456929506
4.3845306603778774e-08,0.011371889241285288,0.2284327586505226,2.9945382984271736,0.023227431964305767,0.043192848987287466,0.006565778467643757,0.002980300790469667,0.0030627857275831484,0.020536043864536297,0.0321901125964768,0.014560180644661982,0.004268194808039259,0.0018746525083635837,0.0333674718114801,0.01415255308968133,0.015058507282930123,0.03396625932709779,0.2007654044316356,0.3305310574839404,0.0444457773961426,0.010449250333743144,0.010487948836950617,3.1800085686267576
0.0033698586162668465,0.009073543183107154,0.15490347437816138,0.2666870962588431,0.05133953986699171,0.23734312988790363,0.003474448325947668,3.8125245413015274,0.004826780603863599,0.021708335738171994,0.021696284094446842,0.09813550589134534,0.00020148526175664018,0.0037861988376937713,0.10557275675726478,0.31411060468300167,0.013912355568563406,0.003174398328962269,0.007556878733156325,2.7343092413614913,0.0011396869556855038,0.0006949747248895426,0.002851374904332106,0.08265827430303971
0.0030142534180545282,0.0027701856125658605,0.2431252058067724,0.2586381563354083,0.19912708988573954,0.12562746119924229,0.004080788038316947,3.5913693065007894,0.01798035745750724,0.021988578353850402,0.02112948915478771,0.25225023714836187,0.000496753987621377,0.004130786469753215,0.03738841610276451,2.488109697520036,0.1843312236615745,0.03798841820938244,0.228184472952561,3.7694859146910638,0.047784917979008704,0.0008187240222215242,0.010691268096848736,0.1279364625690955
0.0017394789124479107,0.002737109672694103,0.15186469465754496,0.020929561978321867,0.19149203551641886,0.06912207011152853,0.002046701839511261,0.041263971172749915,0.00541642242573242,0.02120645430173286,0.10549043639907466,0.10366415505362511,1.7412257354801743,0.004056854477540961,0.10211085325927717,0.016791210516710252,0.01578649627158395,0.03861559458876135,0.1895833277005848,0.058763134637748134,0.0034412248774783917,0.010315956346653658,0.004894077769167275,0.476193058727006
0.045136602964295454,0.22427531864018563,0.23009504654244683,3.0287770084417964,0.2285032643461249,0.05682605606708657,0.005401562319245124,0.05858637142196123,0.005127214470819163,0.022106682445394286,0.019821154898747098,0.018121612359600338,0.04002125467513247,0.0017856534336236388,0.11605967551194188,0.08912131543564818,0.15802132986496048,0.07764754887191297,0.1997165480328764,0.25128845206236256,0.0028151496202405424,0.010392007317076435,0.01571301013407967,3.182223237922711
0.014281817889098384,0.00029426872742018256,0.05318480000521915,0.022068252533682706,0.007492547850559181,0.07052769813660864,0.029262358329414685,0.0743826321973414,0.005290695175013411,0.02120645430173286,0.024236074727897565,0.17837046996060946,0.027573501856590243,0.004083768848252246,0.10211450352465574,0.08874567108418908,0.007730644296618933,0.0365802466541727,0.2180189376450652,0.1546760560823541,0.0034412248774783917,0.0015553958068575098,0.09850198992083832,0.26246358569070294
0.04435947385531604,0.21636713740014202,0.15794085195324473,3.0287770084417964,0.2285032643461249,0.23725242966162297,0.006844505581872794,0.0565865658274177,0.005143874582205719,0.022106682445394286,0.0289595740889578,0.10354070362808523,0.03598203442216341,0.0017856534336236388,0.11807379416873529,0.07753006546245844,0.3276436238123173,0.07885143436714398,0.2023902065496728,0.11004139078336381,0.10173946635313211,0.010392007317076435,0.01574317477095328,2.6360817026244376
0.03642252215541306,0.06652721549326514,0.152829509875624,0.07469212800059388,0.019679565713207035,3.375536031255421,0.0016943640900614757,0.041022360904579475,0.005078064155609235,0.01949293292324195,0.024665379225505695,0.009637243629513147,0.18789298876844043,0.004092067296477953,0.11871039196677648,0.0780285874472808,0.27757531618335496,0.07862408757321153,0.24913487067404366,0.04040734222422499,0.04516628379265192,0.0018466983564640743,0.01560937475122893,3.3033304692515886
0.0034418907645197877,0.2813119360379466,0.2431486047081595,0.011533732047308787,0.13148893828664826,0.19601690979007744,0.00208397739235303,0.00976450522628651,0.01784555718608204,0.0011380685018906912,0.021032135265001323,0.0652331587253574,0.0005153644621490965,0.00041640531526898747,0.03577068563669081,0.09148716728124456,0.017401427694069063,0.07473905132489853,0.20736364648562117,0.026338632400089042,0.15974324200259393,0.001763510932082492,0.01225473404902718,0.3455180120932886
0.04810496086264483,0.23456337575974132,0.004724791579664655,2.394966221131786,0.20050035892230483,0.07386970446402798,0.006261017522177665,0.005087367531238715,0.004300213563874222,0.00030063480404609135,0.016334258844879296,0.031671560662447404,0.0147406781018805,0.00037831682293810987,0.11262777564059823,0.11422288867852383,0.18907140344936418,0.0761130660600435,0.11776753120204349,0.04302075447732452,0.045264574691090784,0.0009297215798960683,0.04316911601170762,3.5674803439414573
0.2238770474364557,0.11509618091668226,0.13912854346751452,0.022647700138121563,0.10589863353189807,0.00029993382413310427,0.002271665768325829,0.02908099786646129,0.006623252007668959,0.001373198542933718,0.021177251401355766,0.10955000407532925,0.0017641233588127619,1.180070400708472e-06,0.0378038576143751,0.09779390316260755,0.3079744716540333,0.013574588369747047,0.0012581493666061429,0.01729725429346113,0.04935580333944323,0.0001479357753536544,0.027321483910348734,0.013409376826959335
0.0012215069213000998,0.22248503387291152,0.25012807313582547,0.04088425448038711,0.13154559000895882,3.407576912953915,0.004545105396906893,0.02873367038987243,0.01172930555978052,0.019994859912595534,0.02427476710149122,0.014962031850057837,0.0006910661496515747,0.0019923853900222633,0.10188123145862836,2.3824877728561824,0.33071015321498604,0.07346919137431943,0.022622684045708375,2.6714149795531523,0.0008774115988542247,0.026617701090755473,0.008930454817535901,0.17518909387250525
0.0022531005497837533,0.06319566697352763,0.008988417891967415,0.33857055027490235,0.0014918670093073982,3.5221962493066643,0.0043386471048400335,0.004551292980296107,0.005942288900014416,0.02207651156808408,0.11232705037895795,0.3186527045563222,0.0046218432323774095,0.0010366089802260744,0.025428321601348315,0.10143446462531813,0.16844876828755012,0.11208585220358233,0.261175452397328,0.03243658089322447,0.0036297422589043485,0.0017623504334868282,0.09828019061177956,3.6566525721637806
0.006291479456944003,0.06262844801087078,0.1485358400303097,0.3308598211400192,0.1903636002151643,0.21295465927736434,0.0035667313158901934,0.13454852720086352,0.017738698426675182,0.022121771632452138,0.021229949597459732,3.247897159223675,0.0009459155361694644,0.003727982850676501,0.026845262620551754,0.09438971842035462,0.30667020310909787,0.014111400888515396,0.20740873282307118,0.023875375296119175,0.0003570498636460539,0.0016361189619494391,0.042167986296321194,0.15567490905539993
0.04386116053344674,0.21636713740014202,0.15794085195324473,3.0287770084417964,0.2285032643461249,0.23584658187088703,0.006610899531366594,0.0565865658274177,0.00514289214628611,0.022106682445394286,0.0289595740889578,0.10368525467794232,0.0009229627238345924,0.001725909312050891,0.10220801989476926,0.022525288771008713,0.3276436238123173,0.07264356534380752,0.1870837182359136,0.06021731463326575,0.10173946635313211,0.010392007317076435,0.025642114822218266,2.8732573170330484
0.0014243449649275204,0.015509226208051938,0.08887752556846215,0.26014086589820723,0.01162176236386532,0.22989919593082075,0.003364154402992976,2.4530280309900583,0.02301266562067876,9.519164534542175e-06,0.0019448626490706587,3.832077040510643,0.0009990870818992012,0.001666072537098744,0.10614208135453566,0.3030568837099356,0.013045254483861086,0.004340606128282982,0.008600085407505634,0.11641147873023894,0.04451298021737005,0.027810155998933675,0.047847150245588305,3.2742146835054395
0.00593322531499847,0.2338660097129522,0.24110120318914485,0.18131711183960797,0.18537651908243508,0.12922823162860209,0.0035682327748603883,2.212299315947012,0.014508279652923263,0.02054440330114726,0.02932241373698969,3.734915605265561,0.0341246300615511,0.003034228075300184,0.01707632693422855,0.11614946869240489,0.008301572143798605,0.013937251996445639,0.04775123208121512,0.15765901897248308,0.0029893856144952297,0.0101691077625646,0.015375638442376941,0.4423622220458066
0.04435947385531604,0.21636713740014202,0.15794085195324473,3.0287770084417964,0.2285032643461249,0.23584658187088703,0.006610899531366594,0.0565865658274177,0.005143874582205719,0.022106682445394286,0.0289595740889578,0.10368525467794232,0.0009229627238345924,0.0017856534336236388,0.11807379416873529,0.07753006546245844,0.3276436238123173,0.07885143436714398,0.1895393237407974,0.05903117521793211,0.10173946635313211,0.010392007317076435,0.01574317477095328,2.8732573170330484
0.019858788838414895,0.05241712447111396,0.14273890576393544,0.2557477597776957,0.052609473455625486,3.4383193699998142,0.0016651435298264553,0.016386007574808015,0.0002947431820716508,0.021111421935436782,0.016109281040351205,0.05173102806577826,0.0030838074253731994,0.09863054762308268,0.02612970880810328,0.029106564862307005,0.008414673130355745,0.03941828520347046,0.09086610506545513,0.23073732886320553,2.315125468460331,0.009030032795986919,0.09466207918516653,0.024579488580755315
0.00031883846085389747,0.21792309283513886,0.2350964986318486,0.1473414214682447,0.010230532117421809,0.2389061870553729,0.0034995019306511975,2.453485562467843,0.005590129301004124,0.021725782707506247,0.021595072171567944,3.7800440218299665,0.014624062970065254,0.006305699841827065,0.10117542833062276,0.06545731254008409,0.31382126700961355,0.039963905273772145,0.09459244074952854,0.11906110471613118,0.03665630179406211,0.02752883273619699,0.006148720886869105,0.02031971963679119
0.00225571402616001,0.019170872651811,0.10955989080187542,0.03441682103823783,0.045277458932457194,3.407576912953915,0.0045907376825048765,0.013605278602044526,0.0044706279328904025,0.020012101376098247,0.024889162836106975,0.013685289076686771,0.0005512104162778688,0.001959783488473929,0.101841679472956,2.2464943514335887,0.20645463111868798,0.07141212808914806,0.02263442017333238,2.724680801094568,0.15762233312770585,0.002265607254917202,0.008319107205055042,0.09389653666302666
0.004718531976190252,0.002863090925190335,0.2503040979063724,3.3965219881890216,0.23840833552427557,0.002803170105968089,0.0033120898212186996,0.01246368810297687,0.022744199889899536,0.00440853199522153,0.013837495560072804,0.12934178477819053,0.040396907126751314,0.0040832940078511125,0.03406820623493568,0.2612053669903708,0.0070513984213420935,0.02360151705241552,0.2060620813838897,0.047245968807667474,0.0016330923219145083,0.0033560891475451823,0.09347259668202716,3.1571190420282274
0.005903683400715065,0.061466010861065866,0.09135198963099131,0.07158817438675757,0.006147910676545926,3.7980292820148804,0.0027202660607073496,0.010653540727130872,0.004118396639871283,0.0014644992628125957,0.021727706252766366,0.054300053881787186,0.017237128915950244,0.0063182995042313575,0.03692946717607374,0.31921711923744106,0.007664730012035562,0.015316604574376879,0.003840894908466813,0.03249634970945531,0.1903256648888707,0.029976245652614086,0.1027066623207748,3.585381345202982
0.00037091061339458633,0.21350945840477256,0.2645449403564254,0.04692399725211138,0.008458290783054448,0.03168932898193537,0.03282527487659382,0.015907059350391675,0.007745139363577094,0.0013784787540850735,0.14804652603486168,0.28506849292165626,0.0010633550112834184,0.0013016755200392928,0.10953755855536176,0.33823235128428264,0.32672099136673394,0.005744772671924428,0.008491244993096475,0.1596824233844606,0.0026511072428479555,0.03305126315814871,0.016229277056839058,0.10577595837517409
0.005994978415231989,0.015509226208051938,0.08939878555757937,0.017409040035309263,0.01162176236386532,0.22989919593082075,0.0052596576459345125,2.493514193388089,0.006335972618143636,9.519164534542175e-06,0.024038895472452367,3.832077040510643,0.0009970775181299624,0.006252032547918082,0.10614208135453566,0.21011362898465602,0.013269647363064458,0.004414098240495001,0.0012325541393245418,0.04684633428440968,0.04617009451946049,0.0036862301940813504,0.04589784336386784,0.2885830921519428
0.000613809614013229,0.055581902951033484,0.1280494626997396,2.4274846174502054,0.2163660706113963,0.21151005010454574,0.0020573833646385284,0.15904106240421578,0.009429118140947249,0.017471939953735444,0.03205920501444065,0.10242877059675395,0.01385197932508518,0.0033088818077985052,0.03341436368314038,0.014689956486455602,0.05377588488854554,0.004178772169376453,0.20249506289786792,0.014805963931279531,0.002207334289044,0.0008796720005165883,0.09982325390657767,3.3103033710722682
0.014105258459433171,0.007055568897686618,0.11284845607023425,0.08065847707179297,0.19348666290811978,0.28446561846577545,0.0027752353422544037,0.06168620426440591,0.015993378041123843,0.004951384642770033,0.023109403770184795,0.30990529529329036,0.004383626619885658,0.004056686307567363,0.10342680848123068,0.03651745936844858,0.04702843783031093,0.03910630337347444,0.22569691935252076,0.1584514196079597,0.041542466073493586,0.03008836613341606,0.04664516504839459,0.46551226924809147
0.0014338135615874685,0.0031202398465666296,0.26115174356203297,0.2588125782417039,0.20818973800953028,3.4299055613311595,0.003299902364918981,0.05165485252309578,0.023158981655995163,0.006038316278228578,0.10472536519486134,0.412454900814082,0.0010468705188587718,0.0010685363300580249,0.03172714917404985,0.30195544685127557,0.004925975118105904,0.024502842277345827,0.19855647582619534,0.047245968807667474,0.05906169211568544,0.027432588048020644,0.00807075147778174,3.656190360328018
0.002936856715769154,0.057835975325536526,0.22303549289729854,2.995292580208746,0.0014904145682725772,0.07523311440331926,0.003906300079732659,0.00763701662766697,0.008278152816501898,0.022850956266332996,0.031177366590245562,0.05013759954623737,3.106725313609224e-05,0.0004396533100104322,0.10905839327677094,0.029651448506295086,0.31301888612328843,0.12081205096593413,0.09701788922377944,0.15942800266882085,0.043107382597462024,0.010172983301607926,0.06795843609095348,3.189711031584817
0.037128684708440746,0.05594896452029999,0.017730298043922205,2.437210993863575,0.019776385708358407,0.02759375919557254,0.0031168176608103336,0.06187062976933419,0.005090458491489369,0.00031616573968532805,0.021140532407021434,0.02182928024841675,0.0028008445557875655,0.004670087112231684,0.10858147926068902,0.09406709288716386,0.045030244107230305,0.04011508486087902,0.07622284259108016,0.04314355878017261,0.0444282649486926,0.0011685432756396892,0.10002235678442922,3.481283917335882
0.005832259600990777,0.011145055377460366,0.11713064850578479,0.050882208491834405,0.0037071930002552655,0.07418851198327392,0.00659717165493881,0.012118044728986366,0.02232636888593937,0.0029002880369096906,0.0240007384809751,2.8634295730882253,0.0010453771887093681,0.006305573696506623,0.10874354915967983,0.08238844748947563,0.35230359811189715,0.006085035283006431,0.22157668965431776,0.2578202921905888,0.048556216006032646,0.0012021268157082995,0.10119997900505472,0.1505324078587078
0.0031172736465281395,0.010536627346360017,0.14985086107370443,0.12493978467279723,0.16504700465977915,3.136604992201485,0.0034972208913592773,0.0133594537259841,0.005068926557930484,0.022397317017310337,0.02156699584746035,0.009889928005630926,0.041949453363639415,0.002111295713873364,0.03402709756868471,2.3548032434057404,0.002961825328280973,0.03829599823884295,0.09124847868690052,3.657853336768558,0.15345077116082226,0.0012540913121762403,0.006330234394982155,0.03385706626575144
0.0022531005497837533,0.06274168158874165,0.008988417891967415,0.33857055027490235,0.001884351263552575,3.6305746614144314,0.0043386471048400335,0.0036500509225106115,0.005942288900014416,0.022087413770279014,0.11232705037895795,0.3215751941666851,0.0046218432323774095,0.0010366089802260744,0.11226431161084957,0.09640961793957759,0.310802310971163,0.009304115529904212,0.261175452397328,0.03243658089322447,0.006106589617154256,0.0018182220037630766,0.09840741313149495,3.6543539842067085
0.00044351992924638846,0.22916215022249753,0.10523980891232626,0.2871858237308297,0.00265238190253983,0.40600598172403224,0.004562631074155976,0.1478921165069984,0.007223909699053676,0.00018870710975756912,0.023729912956216112,0.04769844564603985,1.0720964694362822,0.0009534879065022672,0.0984886775357329,0.2072312257028248,0.17310461920386963,0.0015320455014690016,0.01665063497851525,0.09896592859953265,0.006724324849290319,0.03379212889491084,0.023265405457184314,0.10964989598125277
0.003287115327768559,0.07043894701728755,0.005079334363365139,0.11856827528716428,0.22026315181974537,0.00978801623956164,0.0052075881092858494,0.011773488056449871,0.004035983831288529,0.020918067860773357,0.011169830712946941,0.04878033166397917,0.06296400663414148,0.004189923471982226,0.03110832952476691,0.26953747442927384,0.3467708230826583,0.12534840954340792,0.01545500536007001,0.14630914895930705,0.057449082812614405,0.001667345585891984,0.03056783303369788,0.03809008830712912
0.037260647437978384,0.006833096534255675,0.09748582187584075,2.4274846174502054,0.02094979264513805,0.21289286099877347,0.006690911736466585,0.0036738832829206593,0.025236299675669135,0.0003472223147555735,0.024963938357134056,0.0223526500360941,0.003048671366426412,0.004682838373442232,0.10860960684285435,0.08291247431023774,0.04119609959603748,0.00634906527398268,0.012075898803575513,0.03244367159730227,0.050844795705859105,0.0011685432756396892,0.0011712518482081893,3.46927314277785
0.0033698586162668465,0.00907974516426931,0.15490347437816138,0.044512470365013324,0.05889225838223193,0.23734312988790363,0.002020518217781637,3.8125245413015274,0.0051132947494335725,0.02059256071466728,0.021696284094446842,0.09813550589134534,0.00020148526175664018,0.0036530686699528464,0.10557231852015404,0.31411060468300167,0.013912355568563406,0.003174398328962269,0.006349190680044052,2.7343092413614913,0.0017109982920838658,0.012528531208853938,0.04379282165654855,0.08265827430303971
0.003202591427862877,0.00583827747622024,0.27639868918237354,0.24384704390552964,0.1780984403344446,0.2361058090710879,0.002718584428855963,0.15238488563791827,0.003208472217722443,0.020519564201038284,0.021674400522224246,0.05523204631878986,0.012800071171636097,0.0037615174503087302,0.10933260169400437,0.27517011725264134,0.005405003691517668,0.03492717344115419,0.024358885823129353,0.11868486220458152,0.15376129484453954,0.013248715439182917,0.06429143006145138,0.28815782965806014
0.045136602964295454,0.21986958651190833,0.00906584470518565,2.6748821238900407,0.19131220859110418,0.25627410325160754,0.0018926814588052674,0.058697673413124984,0.005127214470819163,0.018853922681026005,0.042663367150173916,0.01792361674114933,0.009315327201864636,0.004084174900475356,0.10076165776226054,1.6412580047021832,0.02327669590227551,0.007115240225294195,0.26718973528451706,0.06438705758545216,0.002755358831541845,0.002073144877263796,0.07810024518546729,3.2415407236057834
0.003070985270930985,0.021344026112260897,0.008258164948547114,0.03441682103823783,0.04488945444520322,3.407576912953915,0.0045907376825048765,0.029237258446597088,0.004471430819251982,0.020012101376098247,0.024889162836106975,0.019755578394943837,0.0005512104162778688,0.001959783488473929,0.101841679472956,2.2464943514335887,0.20471189445959814,0.07141212808914806,0.02263442017333238,2.724680801094568,0.047928879510347216,0.0021735356004219933,0.008319107205055042,0.09389653666302666
0.0030777046890839168,0.27461097272621493,0.24819229196757847,0.03429358643901564,0.13756423609814136,3.4918252897822946,0.0013161258439474402,0.015505790430394014,0.00609236290423329,0.0024034074069956522,0.02106726755644782,0.2606648879073944,0.004421433494110061,0.00040643728377804094,0.101841679472956,1.26573250352899,0.1538745581712355,0.03390861823216969,0.026021370693298893,2.724680801094568,0.047642251933973756,0.0013050604018751038,0.007526444832405766,0.026465949687474816
0.00302331593835644,0.06393671213248601,0.004722094657200901,0.11920455102072998,0.2205282660409424,0.075082231293373,0.0062400291989645725,0.0014543192363402208,0.0062589052018729475,0.0030519282181534716,0.012072417808811806,0.04878033166397917,0.0641696016342932,0.0041929129616786135,0.031000615596619617,0.26953747442927384,0.3504707179273191,0.12374290175072433,0.08747308962741242,0.1440372536989536,0.04199278714333316,0.002927504064771635,0.030357330046109923,0.05206516391410898
0.00037091061339458633,0.21344986607575206,0.2645449403564254,0.04692399725211138,0.008458290783054448,0.23731581602046486,0.03282527487659382,0.14787501967416042,0.007745139363577094,0.0011748599883397264,0.14804652603486168,0.19258623733016544,0.0009841199978803418,0.0013016755200392928,0.10953755855536176,0.3177733712036219,0.32672099136673394,0.005744772671924428,0.009033949495143329,0.1596824233844606,0.0026511072428479555,0.03305126315814871,0.015969011777924084,0.11180568514321872
0.014411852058196981,0.2276276943725377,0.15125818607921193,0.023254349270997565,0.19722380275174872,0.15568319637016387,0.001763447885643802,0.33214191776223145,0.0061383712494966014,0.0022442659568273804,0.10149265711171136,0.11584178405032652,1.8851501432497724,0.004134232597276218,0.10200960315920063,0.17331918267137514,0.008794627137930638,0.006135480014906157,0.026644028210162436,0.11545594233841025,0.004551319545638753,0.00048791861957185405,0.017373310286297607,0.21561501356159052
0.00037091061339458633,0.21509338859263066,0.2474301969939519,0.028031311330888632,0.2026396199545091,0.13414529338155556,0.03278548515607707,0.16221507893399761,0.0057107180429803225,0.0023308689153042164,0.024565394545579176,3.762449103585584,0.0010203869997165067,0.0032819741680835375,0.10953945531705438,0.358512914182641,0.022483911590456818,0.008001988463794352,0.24958824608237362,0.02674730316668228,0.00026014536771215287,0.011082617900809078,0.015969011777924084,0.11234253505665094
0.003376042247433342,0.015483133066550298,0.1512857650599955,0.011060002805760166,0.05426388840759783,0.20777948651700207,0.004317100195828061,2.4382474159147947,0.017738698426675182,0.022215296803679098,0.03029102020479523,3.348744715240651,0.0005795496039897709,0.0037708127975646204,0.10041941821575105,0.09526427369479462,0.17045966319570716,0.04607708723574387,0.18680775165038221,0.019853346111453854,0.039538006744420706,0.0013371157270874318,0.042784170556672045,0.16595840547330334
0.04453380707976397,0.05048458834741694,0.11335815422152946,0.014104365001268215,0.051960398182918546,3.2714822378448543,0.006453228866455793,0.30452762304940206,0.0020645893502939175,0.01965655449865986,0.10352325090943296,0.010291895352355057,0.0031693127319630384,3.928740230136333e-05,0.020475602459510113,1.2656594701976709,0.03725765036603128,0.03833159035347988,0.02147775993525121,2.7853115331790095,0.04516761611805544,0.0011650785435971848,0.001157053501609523,0.02655406396382567
0.0032642333218903313,0.05727511983228194,0.10989143939523885,3.786903484481336,0.1825533970552425,0.12827082522973152,0.03219204503674425,0.17387783728437323,0.004372510857749259,0.022266778028480653,0.022664945541032818,0.3179991440827612,0.05723117512556508,0.00010986024183842671,0.025492921774206787,1.2341952603259885,0.009024072805856946,0.12785971629037562,0.1023321384781652,0.03228958500632258,0.05096359089992114,0.0038808940158864824,0.07124717635692922,3.1907983512981177
0.004718531976190252,0.002863090925190335,0.2613148866522145,3.3965219881890216,0.20037582345836752,4.243740243452254e-05,0.0033019424531613613,0.01246368810297687,0.02221862430481915,0.00440853199522153,0.013837495560072804,0.12641519126931966,0.0010695823056822268,0.004211421575559786,0.03406820623493568,0.2612053669903708,0.007226602355439524,0.023692562308176644,0.21094358011173558,0.047245968807667474,0.0020248749258135646,0.003379710819478168,0.09347259668202716,3.575027482980049
4.3845306603778774e-08,0.0014828682841831892,0.22827178896772382,2.9945382984271736,0.047372791612141925,0.043192848987287466,0.006565778467643757,0.03488059117950182,0.00310046346525787,0.022185077288241088,0.022957969435231568,0.02338220063935974,0.004268194808039259,0.0018678003062919657,0.10725140667226032,0.01415255308968133,0.019280381039176675,0.0005367342354649481,0.2007654044316356,0.023798545147731193,0.04444574629591443,0.010691009998627881,0.009144128225373653,3.247283024564738
0.001424577340417314,0.0536663913752069,0.1390972377584252,0.10760667426740378,0.0008910576590592939,0.24784978825143153,0.0018407589591664998,0.05227676541696245,0.004517698683114295,0.000886137922549321,0.025547139249137603,0.01792361674114933,0.00198835680995058,0.005680711861776897,0.1167283911175801,0.19828354253301408,0.027272936684466426,0.024484897732277484,0.025264089944080595,0.0261461507405241,0.0028894265755371198,0.025085178258635415,0.06946939513872277,0.42707319860988874
0.0001601171354052458,0.20550465744816582,0.10892232881370947,3.6213676640007293,0.19166319758903388,0.013360810943058415,0.03219204503674425,0.0023773790663611473,0.002699158316908619,0.021357105065926307,0.11260939153410363,0.3188543570082676,0.0033195227311722474,0.0052083425870181575,0.026096086966378176,1.2341952603259885,0.008773232715302087,0.11036038661093234,0.2461090936542936,0.03243566420287376,0.0007998284303092084,0.0002786661336506898,0.06654029659473959,3.225459045349802
0.00042961436325024763,0.004637568579318657,0.24173177848637223,2.4361442509260716,0.016789314607038697,0.18601361985377218,0.006689309332169512,0.01302160715900187,0.000755430262205533,7.963345823045614e-05,0.024531216370896385,0.014258677332123285,0.003048671366426412,0.001867903663008106,0.10716678003533771,0.016521427273501574,0.30231912319566934,0.00634906527398268,0.20139683039234174,0.023948334895965442,0.003322307955008614,0.0013218594098533386,0.0011712518482081893,3.4621045827573793
1.4834775416683256e-05,0.22916215022249753,0.05116965213880558,0.04786074133232823,0.19076346607659028,0.1862117201906937,0.003496670071849929,0.051654573433179356,0.002828982063813077,0.0008676208896595829,0.024160921370140934,3.4702367879283313,0.004965535274249776,0.006324325765728998,0.028556751313472892,0.2855048525365802,0.008524099232552929,0.0005140511104928544,0.1985252296573421,0.04385970512586837,0.0011009546799797335,0.011844095137806836,0.011440241395554406,0.26192455045286955
0.006285707463221513,0.22916215022249753,0.05116965213880558,0.010571992926471596,0.18689708680076297,0.20633997646075247,0.003496670071849929,0.1155667016970765,0.0030373772082076247,0.0005902656641509976,0.02428026707414783,3.4702367879283313,0.004965535274249776,0.0064892262265376505,0.028556751313472892,0.2855048525365802,0.008524099232552929,0.0005140511104928544,0.1985252296573421,0.04385970512586837,0.000537838241578783,0.0019773288128043147,0.011440241395554406,0.26189696732615214
0.0030044413750273265,0.05745694330776632,0.11049341531571547,0.36492909740050616,0.18645803959888235,3.0248337573448123,0.0016651435298264553,0.013381622279107122,0.006473670678485262,0.021111421935436782,0.021801375227153655,0.31240626677181493,0.00023860548837009374,0.010564313741554435,0.10081404878572837,0.02769681007224578,0.008779292409036488,0.03941828520347046,0.25679403022088404,0.21227763756708884,2.315125468460331,2.5789091655939803e-06,0.09466207918516653,0.02994153532562871
0.014281817889098384,0.2263052792431824,0.15125818607921193,0.03429005892827404,0.19149978399223852,0.1542150561620748,0.0013387649172874952,0.01395315914252282,0.0061383712494966014,0.0022442659568273804,0.10149265711171136,0.11584178405032652,1.7331311800541975,0.004106088706867319,0.10200772048520668,0.0653490404938428,0.008794627137930638,0.03771383812512173,0.09926294025470059,0.1211512908221489,0.0012105067041741566,0.0026292222341004873,0.017454390638127933,0.21561501356159052
0.006426336273180415,0.08131664034641621,0.11054208665617085,3.676659610999384,0.23308397418451637,0.18825023615940403,0.00408223243587416,0.017499540262380542,0.006320049231274746,0.022830617132364398,0.0965010933458278,0.0602118176438462,0.00495816393044562,0.003620450639181606,0.10958279129188803,1.2139772434126583,0.30154128524851187,0.12528013690362352,0.26822819711589146,0.022867878630626937,0.044663908223073964,0.001634830647227572,0.011003831028576484,3.68221084486587
0.038958582041796336,0.08053478622887436,0.22903926318899703,0.2337566719230353,0.23838815045101677,0.21235171323996258,0.005220824865645807,2.457153868246768,0.023521219896331574,6.658833905020742e-05,0.024880255675529275,3.527956103632802,0.04167263823326678,0.0038069360779951615,0.018069112561414004,0.08291247431023774,0.03340230336692797,0.0061564402093004095,0.012075898803575513,0.03244367159730227,0.0019424916893569337,0.0011697535504931725,0.009497684293468672,3.4550875032881536
0.0007575219895483189,0.05723738719583803,0.11019116573937843,3.786903484481336,0.18225866901807902,0.042001149599665416,0.03210916745873783,0.013371489802702502,0.006409100119946507,0.0003393443916598904,0.0978816322812619,0.31087048090920366,0.0030322644942573506,0.005109546167678869,0.10800979405335451,1.2049398211739675,0.010065050884921269,0.12517101197168148,0.25761102812296843,0.03244405214209521,0.0470251179239205,0.0038988626109114645,0.06617870002269242,3.236058279129309
0.0035933045755540544,0.055438651130486086,0.24256057837312123,0.019768236201123394,0.008952236889216772,0.1347993838429368,0.0013944294583959343,2.4819087762087504,0.006185970683321745,0.019088019471860892,0.02454383720509976,3.7603149036077923,0.00012778967468544305,0.0032626053065555106,0.11243788755559508,0.11217355455541159,0.014950474914389448,0.013925300029106039,0.20740905713854618,0.02624003159680055,0.0019561869899224773,0.001984035017718696,0.04312668292318936,0.08798671797359514
0.0001601171354052458,0.002688053201739149,0.15139608995781498,3.6213676640007293,0.04897951423486577,0.013360810943058415,0.03188465270522789,0.0023773790663611473,0.002699158316908619,0.021357105065926307,0.11260939153410363,0.3188543570082676,0.0033195227311722474,0.0052083425870181575,0.03529469854474999,1.2297186475924948,0.0027789726660458164,0.06947607910320028,0.2461090936542936,0.03243566420287376,0.0007998284303092084,0.0018800057503879355,0.06410208837739512,3.225459045349802
0.004359451224131233,0.005842525910029178,0.27639868918237354,0.11680260617184018,0.1774320425541533,0.2365613771178478,0.002718584428855963,0.15079230947268674,0.0031834321194120687,0.020519564201038284,0.021674400522224246,3.629966034921657,0.005731159929510586,0.002098956892752591,0.10940055821915938,0.075888760094412,0.005405003691517668,0.03492717344115419,0.23528976206281385,0.12044157698786877,0.15351231052776954,0.03434111604710198,0.0644967855412315,0.11166825284391224
0.038958582041796336,0.07928463086450976,0.22903926318899703,0.2337566719230353,0.23812668446688667,0.21235171323996258,0.005220824865645807,2.457153868246768,0.023521219896331574,6.658833905020742e-05,0.024880255675529275,3.527956103632802,0.0033666517742321884,0.003917741896633538,0.10861814351519933,0.08291247431023774,0.014818294696896883,0.0061564402093004095,0.012075898803575513,0.03244367159730227,0.0019424916893569337,0.0011685432756396892,0.10932997990331361,3.4550875032881536
0.0366220610460259,0.05363427933907807,0.152829509875624,0.32088076234213325,0.004486369230276464,3.420817380335804,0.0016985533067786784,0.08613916382392059,0.005077081719689626,0.002194300203837986,0.024665379225505695,0.12642647918083075,0.006320883440859598,0.001987516991834407,0.1107874637669366,0.3074700373795976,0.27757531618335496,0.0011516688875327225,0.20921501415898514,0.026788225045233947,0.0022452916591376945,0.0018466983564640743,0.025508314802462174,3.3033304692515886
0.0013431447457573223,0.05048458834741694,0.1174468990076149,0.033361660398363746,0.05054524173607981,3.31704115158513,0.03111647594788021,0.3157506876072801,0.0020645893502939175,0.02193195248669015,0.02011172607122766,0.13929540685161665,0.003531123900021178,7.702386263941906e-05,0.036375393256645315,1.2785581360400982,0.2087261739492095,0.03833159035347988,0.23573539547259315,2.709566925742583,0.04516761611805544,0.0008304342690236487,0.010685713576181314,0.025402189795517463
0.001424577340417314,0.002371951189293467,0.010659666982222907,0.10760667426740378,0.0008910576590592939,0.24784978825143153,0.0018446841085027789,0.05227676541696245,0.004517698683114295,0.000886137922549321,0.025547139249137603,0.01792361674114933,0.0019313954426275481,0.005830557220713556,0.1167283911175801,0.20007288715783833,0.027272936684466426,0.023997427864169564,0.03447694498002132,0.03912869407655792,0.0028151496202405424,0.0251887481962514,0.06809751595915377,0.4417752764784062
0.0021173483962769815,0.23456337575974132,0.007147278666427344,3.395727748613731,0.20050035892230483,0.047324599732227995,0.0031457453106810045,0.16537659375930708,0.023319721269037037,6.411278967613843e-05,0.01625242294379821,0.04880198734432101,0.014821149016420137,0.00037831682293810987,0.1128171427489328,0.07418034272091323,0.18818798989128804,0.0068045167614753585,0.02419430413873644,0.032320867294454186,0.003175287109647165,0.0038023178303087345,0.09344871448280348,3.565674576396041
0.0034188504028572625,0.054698841745840526,0.13732331081061577,0.021027393727396138,0.014897482818792801,0.13134157106849687,0.0020705626653805937,2.4819087762087504,0.007391656461857615,0.001430552878373245,0.14800657860399735,3.568184569332035,0.0019885770394073993,0.003265844026590194,0.11115528735902692,0.003384963323171508,0.008084118695122827,0.043994387707842794,0.20740905713854618,0.02624003159680055,0.0035525460037967747,0.0021209137955802504,0.045860784145743266,0.42747337925465967
0.0001713613633347853,0.05727511983228194,0.11065751706258434,3.786903484481336,0.1825533970552425,0.042001149599665416,0.03219204503674425,0.013371489802702502,0.018623735517898744,0.022828785406487466,0.022643093448397364,0.319005974550336,0.003358422087070787,5.9817121795098516e-05,0.025492921774206787,1.2341952603259885,0.008773232715302087,0.12517101197168148,0.25729773308940385,0.03243566420287376,0.05096359089992114,0.0038988626109114645,0.06804859530498925,3.2073096858487036
0.0034371109766083117,0.050141445849739466,0.2199305631533801,0.011533732047308787,0.2091908205965004,0.19601690979007744,0.00208397739235303,0.2161612993280253,0.017738698426675182,0.0011380685018906912,0.020258795661131257,0.0652331587253574,0.00022081263452397538,0.00041640531526898747,0.03577068563669081,0.09148716728124456,0.017401427694069063,0.045950456666251485,0.20736364648562117,0.026338632400089042,0.15974324200259393,0.001758118068182168,0.01225473404902718,0.3455180120932886
0.04343878540406765,0.0027240323850450084,0.24872132738027092,0.2604594723163719,0.20808917275322256,3.4299055613311595,0.0032997984610238255,0.005372290836593865,0.022822262639972953,0.0037231216907330934,0.12031995057273684,0.41635697093119384,0.0009062089152410075,0.00421172582907859,0.03234260660612034,0.3031893455943021,0.3416557188495032,0.0041034026323164535,0.1997453254295309,0.0423314312752012,0.0026635801301065484,0.027119287258664512,0.010273587266973491,3.285022867510839
0.018994714880719844,0.011474483512677845,0.2773145519600737,0.2868401828373163,0.1778469486801857,0.41640769262990757,0.0046739268584096594,0.06959557973740849,0.006050831858249546,0.020584359675778142,0.021694695037145405,0.10169575030998147,1.1527025289567456,0.0008388927786904315,0.032713525547548104,0.2465304349454402,0.17383096391520927,0.03324192181093096,0.2103912192891259,0.2807175589709474,0.006665734248295766,0.038737325381789325,0.06486880800855607,0.13367986587486858
0.00023511321694510588,0.23049968143909252,0.1065445089186472,0.021055932346760592,0.011104728199589187,3.139806225846934,0.002857529990156306,0.045565532784932514,0.004930825747278125,0.0012505917954877613,0.11030492733140533,0.03251290157185138,0.041494371860048576,0.0015789199058779697,0.02273062194122892,2.38980550610007,0.03537816136853347,0.010121849962175728,0.01414595322818384,3.598708529271722,0.06731382161999684,0.001248509492133519,0.003300229183550496,0.4506384613661549
0.018965643516109645,0.011474483512677845,0.2773145519600737,0.27942341310432056,0.17786249941603244,0.032466936320024814,0.002731474607321624,0.06959557973740849,0.006050831858249546,0.020536358134664368,0.021694695037145405,0.10169575030998147,0.005731159929510586,0.0008388927786904315,0.03433975738685675,0.2465304349454402,0.008423223820903214,0.03324192181093096,0.2103912192891259,0.2807175589709474,0.006665585685173309,0.037331001606379574,0.06486880800855607,0.13367986587486858
0.0030185091214743756,0.0626373880299191,0.15517685566623313,0.05379096419396601,0.04541628606879719,3.407576912953915,0.001665252313112287,0.06181388045648427,0.004563672035582519,0.021944107241550444,0.11211708077390395,0.023511112627171968,0.004627838777782763,0.00670670650547727,0.02708036472058884,1.2383388771466282,0.16825810650499495,0.03724877218740752,0.07537025754754303,2.731297090576678,0.0036257947123705565,0.011446845820640813,0.013488855302972821,0.025128009971185472
0.20937940404502287,0.11174845579771542,0.14601209296244816,0.022647700138121563,0.10616491482985649,0.026981094012182405,0.002271665768325829,2.572224728291271,0.1468646464912211,0.006101395166394543,0.02424518136954812,0.025416216924411622,0.0017485116178763366,0.000973577229091657,0.037872646842090435,0.006157545172091217,0.2519274929996449,0.0031756747817832214,0.0068445233118225035,2.612636323546742,0.05421320757440937,0.0004625853427433404,0.008845761235787916,0.0035025090065259334
0.006513470029345134,0.23456337575974132,0.00570605833716907,2.228415009564726,0.20050035892230483,0.008572656831365226,0.003279918816306294,0.08000351177799217,0.004859447920234303,0.0003225657222252461,0.0276244307527529,0.048570697131802065,0.014849005402022025,0.0057357899625603195,0.11262777564059823,0.0896147678120639,0.18791638245608488,0.10986638861733121,0.11776753120204349,0.047643451967389006,0.0002433992613943975,0.00043573879611815206,0.09301219669615945,3.5588200763331685
0.0482713219838471,0.23456337575974132,0.005082031285828892,2.350523692891371,0.002185462193601967,0.41684663235876884,0.0032798149124111386,0.0512151512683683,0.004503233603921737,0.00030063480404609135,0.016484638607463527,0.047688650963049056,0.014572706690303944,0.00037831682293810987,0.10916078045112698,0.0896147678120639,0.18129647991015593,0.12510343461326168,0.11776753120204349,0.04302075447732452,0.007516225290770444,0.0038023178303087345,0.09344871448280348,3.5674803439414573
0.0366220610460259,0.05363427933907807,0.152829509875624,0.017694569588739502,0.019679565713207035,3.375536031255421,0.0016985533067786784,0.041022360904579475,0.005077081719689626,0.002194300203837986,0.024665379225505695,0.41162883079183943,0.18789298876844043,0.00403232314252156,0.1107874637669366,0.022806837303713606,0.27757531618335496,0.07217216664018607,0.20921501415898514,0.026788225045233947,0.0019782632600832788,0.0018466983564640743,0.025508314802462174,3.3033304692515886
0.0017721539244784981,0.005365606519815699,0.003763470449282366,3.048135555943218,0.0056841902825988805,0.23632983118931133,0.0013443139313758126,0.023353039494334205,0.0005667681210427054,0.0010654013235418985,0.03171400349794881,0.10463882135031008,0.0020776014436971746,0.0019148546038029153,0.10152275506321076,0.06229492496274968,0.3140298584931118,0.035659995216494704,0.01436090179863822,0.03762732151818555,0.001389189699178805,0.0026887667623246105,0.008959768775114688,3.655433189406118
0.001490638752303285,0.22916215022249753,0.05116965213880558,0.04786074133232823,0.19076346607659028,0.12804602813842353,0.003496670071849929,0.051654573433179356,0.004813185777932502,0.0008676208896595829,0.024160921370140934,3.4702367879283313,0.05020417021556456,0.0062495605112621345,0.02884497962596516,0.2855048525365802,0.0005048253620632548,0.0016210626312293153,0.07568337951911364,0.043109525078941766,0.0007011375472360942,0.011854323614758728,0.09310030395043818,0.2782672344852578
0.003025230366558919,0.23049968143909252,0.24966540055362493,0.041199349598011206,0.16975642174247774,3.139806225846934,0.0034992773856863755,0.0133594537259841,0.005074280002013248,0.022397317017310337,0.016646526731607457,0.033336782765132966,0.041494371860048576,0.0017466399037903131,0.10890888940448297,2.3548032434057404,0.03354319868736916,0.03829599823884295,0.09387197292717708,3.617572443793166,0.06731382161999684,0.0012540913121762403,0.006330234394982155,0.03385706626575144
0.00014657806945266028,0.015548342969587708,0.14537596881078818,0.048349397461468394,0.17827289257723095,0.1876512302469433,0.002802032499158544,2.2319442142732555,0.01710198929215385,0.02267412097094467,0.02931524487751839,3.3122438506705545,0.0007992046110660653,0.003608167284124722,0.0998020366067068,0.09937622477580894,0.17373853721294447,0.04670491552671589,0.20740873282307118,0.019853346111453854,0.0011039926244210498,0.012088448137693787,0.042784170556672045,0.08455090352864514
7.817889503252545e-06,0.05634402947925454,0.09748582187584075,2.549317023453811,0.018361236058993754,0.264611049594885,0.0313531732292255,0.025494247890265914,0.023521219896331574,0.0007774497070406443,0.024531216370896385,0.1518748328428713,0.003048671366426412,0.004682838373442232,0.10861814351519933,0.07705569957327163,0.2126791012518513,0.00634906527398268,0.22690606087852522,0.02857698715437662,0.002006324382250811,0.001356424909666651,0.008364452106373065,3.4621045827573793
0.003187620057248367,0.007226721270504624,0.14894588856415902,3.093945528440005,0.07199792050905951,0.4272828414979496,0.003276615709967848,0.09259333191772397,0.0051822132648356185,0.021760704277406943,0.1019115207317765,0.14114382269731887,0.013773069279272274,0.003719243272712179,0.102181167107191,0.2887966586804275,0.19534638012736122,0.003174398328962269,0.0007446316583614027,0.22277950477621777,0.006447190902174348,0.011717309656246459,0.009145985192573088,2.814014676489869
0.006110135730052209,0.21079786370224665,0.23507102919594855,0.37260551696403477,0.09740940321018568,0.15587033214673118,0.003058634263633911,2.4530280309900583,0.008492259989930915,0.0011880917738309078,0.02280457201188224,3.7854334843054693,0.01622195258653054,0.006308235792884022,0.037899122334847525,0.0735890139407223,0.4007386492563976,0.01230424765003093,0.09459244074952854,0.12004368406854866,0.04617009451946049,0.027810155998933675,0.015382017779481272,3.248328522967469
1.2194271560593984e-05,0.053829990081160295,0.029123251021109367,0.05047689234189279,0.22461676947956427,0.03480878158964083,0.007598713953978438,0.01605495835236948,0.00488890027109937,0.0016366532291660768,0.02582228945743947,3.291670829852347,0.005977332301173416,0.0004027923631556062,0.1110616374722008,0.014429912736249113,0.07336641857407725,0.01296651164812006,0.01604824023297815,0.024408364318449005,0.000998337401138428,0.0017868842724108813,0.09932103787328853,0.21541385217216913
0.015632135699219743,0.055541361664859054,0.08442295795227178,2.4102404887666453,0.2037017836081026,0.12047852025235106,0.003143705222438624,0.16537659375930708,0.0034317669435717235,0.0004037745838680913,0.01638564402288055,0.046056239431305476,0.014821149016420137,0.00037831682293810987,0.1128171427489328,0.3279444473921979,0.18693956692237002,0.006481277527762781,0.02419430413873644,0.032320867294454186,0.003175287109647165,0.012756181082156315,0.09493383131448842,3.6012750358234045
0.003235321340251818,0.03821890823848721,0.15490347437816138,0.2666870962588431,0.05133953986699171,0.2357701793836937,0.0018073781252793595,2.692148328632916,0.004822293197673099,0.02170688643513971,0.021696284094446842,0.09813550589134534,0.00020170566271843484,0.0037861988376937713,0.10557275675726478,0.3280429977009025,0.013912355568563406,0.003174398328962269,0.007604021366961238,2.7343092413614913,0.00196219791204116,0.002008128536168334,0.002851374904332106,0.011736188291501123
0.00046389054952717355,0.05727511983228194,0.10989143939523885,3.786903484481336,0.1825533970552425,0.12827082522973152,0.003124922292513606,0.17387783728437323,0.02272079291834103,0.022799981091698084,0.022664945541032818,0.061184891660231014,0.0011419895211220582,0.0006172962781978687,0.025492921774206787,1.2118966820391313,0.009024072805856946,0.12785971629037562,0.09284768281852145,0.03228958500632258,0.05088410609763385,0.003444544256127566,0.07125053414889078,3.1907983512981177
0.0029417904841808275,0.057835975325536526,0.22386450499097865,2.9053300037508327,0.0014904145682725772,0.07273924743243491,0.003906300079732659,0.011322043149397611,0.0039691260811392515,0.020789308128966313,0.031177366590245562,0.05011619814006776,3.106725313609224e-05,0.004134111413450096,0.10905839327677094,0.029651448506295086,0.34591656547053523,0.12081205096593413,0.09731028754997445,0.15942800266882085,0.043107382597462024,0.001005155488364334,0.06795843609095348,3.189711031584817
0.00019613401264638084,0.05382273728882249,0.24256057837312123,0.12257761198324935,0.012186850927173365,0.1285595879875573,0.004329697442327562,0.12989926812940156,0.006167265158536298,0.0025162288148014907,0.025674223725828674,0.1836833108571021,0.00513354047755416,0.003265844026590194,0.11137541912501706,0.02991706563326524,0.047734257971565094,0.013925300029106039,0.20740905713854618,0.0262381752279358,0.0019450642929781448,0.0019815284640488672,0.042799763254876,0.29323292458573413
0.001365974414918078,0.2283765593759719,0.1454286577899494,0.03385219393572654,0.03791391285609438,3.4075763510007664,0.0016661679713839241,0.02642688927475914,0.01177932357656825,0.020125050555096925,0.02881161887247829,0.10097104988406043,0.006745327282771177,0.0020041740597830024,0.10163771812194003,1.2945066688663789,0.2704672669056675,0.031424213900907785,0.055959466299638924,2.731319697446229,0.04527235236694961,0.0012366073284449494,0.09376222951459554,0.007729426988016867
0.045136602964295454,0.21986958651190833,0.008821186035145284,2.6748821238900407,0.23696554371640044,0.25627410325160754,0.0018926814588052674,0.058697673413124984,0.005127214470819163,0.01906709049185935,0.11320550314103908,0.01792361674114933,0.04002125467513247,0.004084174900475356,0.10084117540564505,1.7052987597488687,0.023148991918121017,0.007115240225294195,0.005543690969410861,0.06438705758545216,0.0028151496202405424,0.002073144877263796,0.07810024518546729,3.1528187547183175
0.006247180609737678,0.0556619249736201,0.1490503194466876,0.017153037207255584,0.1897729452338604,0.2511776530974707,0.0013944294583959343,2.4819087762087504,0.006185970683321745,0.002071664068233297,0.024516263442819493,3.7603149036077923,0.0027275217803686374,0.002071962329437467,0.11114377535572555,0.014709041725592951,0.39525091568772464,0.013925300029106039,0.2071056613469497,0.03828839886521809,0.0020020490550097425,0.0019815284640488672,0.042799763254876,0.2146771416439074
0.006341403712015939,0.011387002217390606,0.14878257698665862,0.2703636148002334,0.10380717041206328,0.12019674429089586,0.03236619313312318,3.8125245413015274,0.004826780603863599,0.021760704277406943,0.02133844916688867,0.14117866803348939,0.008540427263454912,0.0037214982199196165,0.10557276205112297,0.2953671598699358,0.32535431541262066,0.003174398328962269,0.028984938967003257,2.6241363670595828,0.000875007553843133,0.011769656565123614,0.09614922741124493,0.08265827430303971
9.538886501618766e-05,0.23049968143909252,0.10655467662940205,0.2876064868055688,0.18263556359883285,3.139806225846934,0.0027265059659029034,0.1560652938635849,0.004848990095844823,0.022257682816946046,0.11030492733140533,0.03251290157185138,0.041494371860048576,0.0017466399037903131,0.021685112363850803,2.391651600198132,0.03354319868736916,0.010121849962175728,0.016683739153815255,3.617572443793166,0.06731382161999684,0.001248509492133519,0.006330234394982155,0.11515255726560736
